station_code,station_name,avg_delay_min,pct_right_time,pct_slight_delay,pct_significant_delay,pct_cancelled_unknown,delay_category
KOAA,Kolkata,7,94.23,1.92,3.85,0.0,On Time
BDC,Bandel Jn,11,90.38,5.77,3.85,0.0,On Time
NDAE,Nabadwip Dham,22,61.54,34.62,3.85,0.0,Slight Delay
KWAE,Katwa,19,69.23,25.0,5.77,0.0,Slight Delay
AZ,Azimganj Jn,14,86.54,7.69,5.77,0.0,On Time
JRLE,Jangipur Road,19,59.62,32.69,5.77,1.92,Slight Delay
MLDT,Malda Town,73,17.31,34.62,48.08,0.0,High Delay
KNE,Kishanganj,131,0.0,15.38,84.62,0.0,High Delay
NJP,New Jalpaiguri,129,3.85,17.31,78.85,0.0,High Delay
NCB,New Cooch Behar,167,0.0,15.38,84.62,0.0,High Delay
NOQ,New Alipurdaur,156,1.92,13.46,84.62,0.0,High Delay
KOJ,Kokrajhar,175,0.0,11.54,88.46,0.0,High Delay
NBQ,New Bongaigaon,166,1.92,11.54,86.54,0.0,High Delay
GLPT,Goalpara Town,169,3.85,7.69,88.46,0.0,High Delay
GHY,Guwahati,230,0.0,3.85,96.15,0.0,High Delay
MYD,Manderdisa,262,0.0,0.0,100.0,0.0,High Delay
NHLG,New Haflong,262,0.0,3.85,96.15,0.0,High Delay
BPB,Badarpur Jn,237,0.0,5.77,94.23,0.0,High Delay
NKMG,New Karimganj,247,0.0,3.85,96.15,0.0,High Delay
DMR,Dharmanagar,240,1.92,3.85,94.23,0.0,High Delay
AGTL,Agartala,227,3.85,7.69,88.46,0.0,High Delay
AGTL,Agartala,3,96.15,3.85,0.0,0.0,On Time
DMR,Dharmanagar,16,50.0,50.0,0.0,0.0,Slight Delay
NKMG,New Karimganj,18,57.69,40.38,1.92,0.0,Slight Delay
BPB,Badarpur Jn,29,30.77,61.54,7.69,0.0,Slight Delay
NHLG,New Haflong,22,53.85,34.62,11.54,0.0,Slight Delay
MYD,Manderdisa,18,65.38,26.92,7.69,0.0,Slight Delay
GHY,Guwahati,36,57.69,19.23,23.08,0.0,Slight Delay
GLPT,Goalpara Town,88,0.0,46.15,51.92,1.92,High Delay
NBQ,New Bongaigaon,74,17.31,34.62,48.08,0.0,High Delay
KOJ,Kokrajhar,85,9.62,34.62,55.77,0.0,High Delay
NOQ,New Alipurdaur,98,3.85,34.62,61.54,0.0,High Delay
NCB,New Cooch Behar,127,0.0,23.08,76.92,0.0,High Delay
NJP,New Jalpaiguri,98,15.38,21.15,63.46,0.0,High Delay
KNE,Kishanganj,118,11.54,9.62,78.85,0.0,High Delay
MLDT,Malda Town,132,13.46,3.85,82.69,0.0,High Delay
JRLE,Jangipur Road,156,11.54,3.85,84.62,0.0,High Delay
AZ,Azimganj Jn,155,13.46,3.85,82.69,0.0,High Delay
KWAE,Katwa,157,13.46,3.85,82.69,0.0,High Delay
NDAE,Nabadwip Dham,162,13.46,1.92,84.62,0.0,High Delay
BDC,Bandel Jn,166,13.46,3.85,82.69,0.0,High Delay
KOAA,Kolkata,165,13.46,5.77,80.77,0.0,High Delay
KOAA,Kolkata,19,81.13,7.55,11.32,0.0,Slight Delay
BDC,Bandel Jn,26,71.7,15.09,13.21,0.0,Slight Delay
NDAE,Nabadwip Dham,34,54.72,28.3,16.98,0.0,Slight Delay
KWAE,Katwa,33,64.15,16.98,18.87,0.0,Slight Delay
AZ,Azimganj Jn,25,71.7,9.43,18.87,0.0,Slight Delay
JRLE,Jangipur Road,34,49.06,30.19,20.75,0.0,Slight Delay
MLDT,Malda Town,75,7.55,52.83,39.62,0.0,High Delay
KNE,Kishanganj,140,0.0,7.55,92.45,0.0,High Delay
NJP,New Jalpaiguri,135,5.66,3.77,90.57,0.0,High Delay
NCB,New Cooch Behar,177,1.89,7.55,90.57,0.0,High Delay
NOQ,New Alipurdaur,169,1.89,7.55,90.57,0.0,High Delay
KOJ,Kokrajhar,191,3.77,5.66,90.57,0.0,High Delay
NBQ,New Bongaigaon,180,7.55,0.0,92.45,0.0,High Delay
GLPT,Goalpara Town,194,5.66,1.89,90.57,1.89,High Delay
GHY,Guwahati,186,3.77,7.55,88.68,0.0,High Delay
GHY,Guwahati,13,75.0,21.15,3.85,0.0,On Time
GLPT,Goalpara Town,57,3.85,65.38,30.77,0.0,Slight Delay
NBQ,New Bongaigaon,42,23.08,57.69,19.23,0.0,Slight Delay
KOJ,Kokrajhar,50,19.23,53.85,26.92,0.0,Slight Delay
NOQ,New Alipurdaur,65,9.62,48.08,42.31,0.0,High Delay
NCB,New Cooch Behar,95,0.0,30.77,69.23,0.0,High Delay
NJP,New Jalpaiguri,66,23.08,36.54,40.38,0.0,High Delay
KNE,Kishanganj,94,0.0,46.15,53.85,0.0,High Delay
MLDT,Malda Town,124,3.85,13.46,82.69,0.0,High Delay
JRLE,Jangipur Road,146,1.92,7.69,90.38,0.0,High Delay
AZ,Azimganj Jn,148,1.92,9.62,88.46,0.0,High Delay
KWAE,Katwa,150,3.85,11.54,84.62,0.0,High Delay
NDAE,Nabadwip Dham,158,3.85,11.54,84.62,0.0,High Delay
BDC,Bandel Jn,160,7.69,7.69,84.62,0.0,High Delay
KOAA,Kolkata,156,7.69,9.62,82.69,0.0,High Delay
SCL,Silchar,1,100.0,0.0,0.0,0.0,On Time
BPB,Badarpur Jn,6,86.79,13.21,0.0,0.0,On Time
NHGJ,New Harangajao,14,66.04,32.08,1.89,0.0,On Time
NHLG,New Haflong,18,62.26,33.96,3.77,0.0,Slight Delay
MBG,Maibang,27,22.64,75.47,1.89,0.0,Slight Delay
LMG,Lumding Jn,13,66.04,32.08,1.89,0.0,On Time
LKA,Lanka,16,54.72,43.4,1.89,0.0,Slight Delay
HJI,Hojai,18,49.06,49.06,1.89,0.0,Slight Delay
GHY,Guwahati,62,30.19,16.98,52.83,0.0,High Delay
KYQ,Kamakhya,78,22.64,18.87,58.49,0.0,High Delay
GLPT,Goalpara Town,102,1.89,28.3,69.81,0.0,High Delay
NBQ,New Bongaigaon,83,16.98,22.64,60.38,0.0,High Delay
KOJ,Kokrajhar,90,15.09,20.75,64.15,0.0,High Delay
GOGH,Gossaigaon Hat,105,1.89,30.19,67.92,0.0,High Delay
NOQ,New Alipurdaur,109,7.55,22.64,69.81,0.0,High Delay
NCB,New Cooch Behar,130,0.0,20.75,79.25,0.0,High Delay
DQG,Dhupguri,121,3.77,20.75,75.47,0.0,High Delay
NJP,New Jalpaiguri,112,13.21,16.98,69.81,0.0,High Delay
AUB,Aluabari Road,126,7.55,18.87,73.58,0.0,High Delay
KNE,Kishanganj,136,5.66,20.75,73.58,0.0,High Delay
BOE,Barsoi Jn,151,1.89,20.75,77.36,0.0,High Delay
KDPR,Kumedpur,159,1.89,18.87,79.25,0.0,High Delay
MLDT,Malda Town,150,7.55,16.98,75.47,0.0,High Delay
JRLE,Jangipur Road,168,9.43,11.32,79.25,0.0,High Delay
AZ,Azimganj Jn,164,9.43,9.43,81.13,0.0,High Delay
KWAE,Katwa,158,13.21,7.55,79.25,0.0,High Delay
BDC,Bandel Jn,148,15.09,15.09,69.81,0.0,High Delay
NH,Naihati Jn,147,13.21,18.87,67.92,0.0,High Delay
KOAA,Kolkata,134,22.64,13.21,64.15,0.0,High Delay
KOAA,Kolkata,161,15.38,17.31,67.31,0.0,High Delay
NH,Naihati Jn,153,19.23,19.23,61.54,0.0,High Delay
BDC,Bandel Jn,165,15.38,13.46,71.15,0.0,High Delay
KWAE,Katwa,159,11.54,25.0,63.46,0.0,High Delay
AZ,Azimganj Jn,137,21.15,15.38,63.46,0.0,High Delay
JRLE,Jangipur Road,126,25.0,23.08,51.92,0.0,High Delay
MLDT,Malda Town,149,19.23,17.31,63.46,0.0,High Delay
KDPR,Kumedpur,167,7.69,25.0,67.31,0.0,High Delay
BOE,Barsoi Jn,165,7.69,26.92,65.38,0.0,High Delay
KNE,Kishanganj,190,3.85,23.08,73.08,0.0,High Delay
AUB,Aluabari Road,194,3.85,23.08,73.08,0.0,High Delay
NJP,New Jalpaiguri,176,13.46,23.08,63.46,0.0,High Delay
DQG,Dhupguri,172,15.38,17.31,67.31,0.0,High Delay
NCB,New Cooch Behar,194,9.62,13.46,76.92,0.0,High Delay
NOQ,New Alipurdaur,193,5.77,17.31,76.92,0.0,High Delay
GOGH,Gossaigaon Hat,210,1.92,19.23,78.85,0.0,High Delay
KOJ,Kokrajhar,226,1.92,15.38,82.69,0.0,High Delay
NBQ,New Bongaigaon,238,0.0,13.46,86.54,0.0,High Delay
GLPT,Goalpara Town,237,1.92,9.62,88.46,0.0,High Delay
KYQ,Kamakhya,237,11.54,5.77,82.69,0.0,High Delay
GHY,Guwahati,258,1.92,13.46,84.62,0.0,High Delay
HJI,Hojai,278,3.85,7.69,88.46,0.0,High Delay
LKA,Lanka,281,3.85,5.77,90.38,0.0,High Delay
LMG,Lumding Jn,281,1.92,7.69,90.38,0.0,High Delay
MBG,Maibang,249,7.69,3.85,88.46,0.0,High Delay
NHLG,New Haflong,258,5.77,7.69,86.54,0.0,High Delay
NHGJ,New Harangajao,264,1.92,13.46,84.62,0.0,High Delay
BPB,Badarpur Jn,239,9.62,7.69,82.69,0.0,High Delay
SCL,Silchar,224,13.46,3.85,82.69,0.0,High Delay
GHY,Guwahati,15,87.12,6.85,6.03,0.0,On Time
KYQ,Kamakhya,16,85.75,7.4,6.85,0.0,Slight Delay
NBQ,New Bongaigaon,32,42.19,44.66,13.15,0.0,Slight Delay
NOQ,New Alipurdaur,39,33.97,45.75,20.27,0.0,Slight Delay
NCB,New Cooch Behar,55,13.42,56.44,30.14,0.0,Slight Delay
FLK,Falakata,55,10.41,65.21,24.38,0.0,Slight Delay
DQG,Dhupguri,53,12.33,49.04,21.92,16.71,Slight Delay
NJP,New Jalpaiguri,40,42.74,33.97,23.29,0.0,Slight Delay
KNE,Kishanganj,53,16.44,57.26,26.3,0.0,Slight Delay
MLDT,Malda Town,46,32.6,42.19,25.21,0.0,Slight Delay
NFK,New Farakka Jn,43,58.36,15.34,26.3,0.0,Slight Delay
RPH,Rampur Hat,59,27.95,36.44,35.34,0.27,Slight Delay
BHP,Bolpur S Niktn,71,16.71,42.19,40.82,0.27,High Delay
BWN,Barddhaman Jn,58,36.99,30.14,32.6,0.27,Slight Delay
HWH,Howrah Jn,49,49.59,20.0,30.41,0.0,Slight Delay
DBRG,Dibrugarh,8,78.9,0.82,2.19,18.08,On Time
DBRT,Dibrugarh Town,3,17.81,0.0,0.27,81.92,On Time
NTSK,New Tinsukia Jn,9,94.25,2.74,2.47,0.55,On Time
MXN,Mariani Jn,21,65.48,29.04,5.48,0.0,Slight Delay
DMV,Dimapur,26,49.86,43.01,7.12,0.0,Slight Delay
LMG,Lumding Jn,35,28.49,59.45,12.05,0.0,Slight Delay
CPK,Chaparmukh Jn,42,15.89,68.77,15.34,0.0,Slight Delay
GHY,Guwahati,34,40.82,45.48,13.7,0.0,Slight Delay
BNGN,Bongaigaon,27,1.1,2.74,0.27,95.89,Slight Delay
NBQ,New Bongaigaon,44,33.97,37.81,24.11,4.11,Slight Delay
KOJ,Kokrajhar,50,29.59,43.84,26.58,0.0,Slight Delay
NCB,New Cooch Behar,67,12.88,46.58,40.55,0.0,High Delay
NJP,New Jalpaiguri,48,48.77,24.38,26.85,0.0,Slight Delay
KNE,Kishanganj,57,39.73,30.96,29.32,0.0,Slight Delay
KIR,Katihar Jn,50,58.36,13.7,27.95,0.0,Slight Delay
NNA,Naugachia,53,53.7,18.9,27.4,0.0,Slight Delay
BJU,Barauni Jn,60,38.36,31.23,30.41,0.0,Slight Delay
PPTA,Patliputra,42,64.93,11.78,23.29,0.0,Slight Delay
DNR,Danapur,45,63.29,12.6,24.11,0.0,Slight Delay
DDU,Pt Deen Dayal Upadhyay Jn,40,70.41,7.12,22.47,0.0,Slight Delay
PRYJ,Prayagraj Jn,62,48.49,25.75,25.75,0.0,High Delay
CNB,Kanpur Central,76,31.78,40.0,28.22,0.0,High Delay
NDLS,New Delhi,88,61.37,9.04,29.59,0.0,High Delay
NDLS,New Delhi,5,96.71,1.92,1.37,0.0,On Time
CNB,Kanpur Central,21,66.3,28.22,5.48,0.0,Slight Delay
PRYJ,Prayagraj Jn,39,30.41,58.63,10.96,0.0,Slight Delay
DDU,Pt Deen Dayal Upadhyay Jn,33,77.53,12.33,10.14,0.0,Slight Delay
DNR,Danapur,46,53.7,33.97,12.33,0.0,Slight Delay
PPTA,Patliputra,36,73.15,15.07,11.78,0.0,Slight Delay
BJU,Barauni Jn,25,73.7,11.23,8.49,6.58,Slight Delay
NNA,Naugachia,34,53.42,30.14,9.86,6.58,Slight Delay
KIR,Katihar Jn,35,75.62,11.51,11.51,1.37,Slight Delay
KNE,Kishanganj,55,21.37,63.29,13.97,1.37,Slight Delay
NJP,New Jalpaiguri,46,63.84,21.92,14.25,0.0,Slight Delay
NCB,New Cooch Behar,42,68.22,16.99,14.79,0.0,Slight Delay
KOJ,Kokrajhar,56,47.67,33.97,18.36,0.0,Slight Delay
NBQ,New Bongaigaon,47,66.03,18.08,15.89,0.0,Slight Delay
GHY,Guwahati,89,16.16,44.93,38.9,0.0,High Delay
CPK,Chaparmukh Jn,102,7.95,43.01,49.04,0.0,High Delay
LMG,Lumding Jn,89,20.55,39.18,40.27,0.0,High Delay
DMV,Dimapur,98,16.71,39.73,43.56,0.0,High Delay
MXN,Mariani Jn,85,26.3,35.89,37.81,0.0,High Delay
NTSK,New Tinsukia Jn,93,15.89,44.93,39.18,0.0,High Delay
DBRG,Dibrugarh,91,43.01,8.22,30.96,17.81,High Delay
DBRT,Dibrugarh Town,16,13.97,2.47,1.37,82.19,Slight Delay
SMVB,Smvt Bengaluru,166,49.04,11.54,34.62,4.81,High Delay
WFD,Whitefield,182,40.38,13.46,41.35,4.81,High Delay
KPD,Katpadi Jn,205,27.88,22.12,45.19,4.81,High Delay
PER,Perambur,209,24.04,24.04,47.12,4.81,High Delay
BZA,Vijayawada Jn,247,10.58,21.15,63.46,4.81,High Delay
DVD,Duvvada,229,32.69,6.73,55.77,4.81,High Delay
VSKP,Vishakapatnam,237,29.81,8.65,56.73,4.81,High Delay
VZM,Vizianagram Jn,243,21.15,16.35,57.69,4.81,High Delay
CHE,Srikakulam Road,247,20.19,18.27,55.77,5.77,High Delay
PSA,Palasa,243,25.0,12.5,56.73,5.77,High Delay
BAM,Brahmapur,259,12.5,23.08,58.65,5.77,High Delay
KUR,Khurda Road Jn,285,2.88,23.08,68.27,5.77,High Delay
BBS,Bhubaneswar,289,2.88,19.23,72.12,5.77,High Delay
CTC,Cuttack,299,0.0,17.31,76.92,5.77,High Delay
BHC,Bhadrakh,277,8.65,23.08,61.54,6.73,High Delay
KGP,Kharagpur Jn,314,4.81,16.35,74.04,4.81,High Delay
ADL,Andul,329,2.88,16.35,75.96,4.81,High Delay
DKAE,Dankuni,331,4.81,15.38,70.19,9.62,High Delay
RPH,Rampur Hat,393,0.96,5.77,83.65,9.62,High Delay
MLDT,Malda Town,402,1.92,5.77,87.5,4.81,High Delay
KNE,Kishanganj,450,0.96,3.85,90.38,4.81,High Delay
NJP,New Jalpaiguri,438,1.92,3.85,89.42,4.81,High Delay
NBQ,New Bongaigaon,456,0.96,4.81,89.42,4.81,High Delay
KYQ,Kamakhya,472,1.92,1.92,91.35,4.81,High Delay
GHY,Guwahati,497,0.0,3.85,91.35,4.81,High Delay
NHLG,New Haflong,518,0.96,1.92,92.31,4.81,High Delay
BPB,Badarpur Jn,506,0.0,3.85,91.35,4.81,High Delay
NKMG,New Karimganj,503,0.0,3.85,91.35,4.81,High Delay
DMR,Dharmanagar,493,0.96,3.85,90.38,4.81,High Delay
ABSA,Ambasa,492,0.96,3.85,89.42,5.77,High Delay
AGTL,Agartala,457,5.77,5.77,82.69,5.77,High Delay
AGTL,Agartala,60,77.88,2.88,13.46,5.77,Slight Delay
ABSA,Ambasa,72,60.58,18.27,15.38,5.77,High Delay
DMR,Dharmanagar,76,64.42,12.5,17.31,5.77,High Delay
NKMG,New Karimganj,77,64.42,12.5,17.31,5.77,High Delay
BPB,Badarpur Jn,86,51.92,25.0,17.31,5.77,High Delay
NHLG,New Haflong,92,44.23,29.81,20.19,5.77,High Delay
GHY,Guwahati,87,50.0,25.0,19.23,5.77,High Delay
KYQ,Kamakhya,97,22.12,51.92,20.19,5.77,High Delay
NBQ,New Bongaigaon,81,59.62,13.46,21.15,5.77,High Delay
NJP,New Jalpaiguri,104,28.85,34.62,30.77,5.77,High Delay
KNE,Kishanganj,121,9.62,47.12,37.5,5.77,High Delay
MLDT,Malda Town,117,35.58,19.23,39.42,5.77,High Delay
RPH,Rampur Hat,152,8.65,33.65,46.15,11.54,High Delay
DKAE,Dankuni,165,11.54,25.0,51.92,11.54,High Delay
ADL,Andul,168,10.58,26.92,56.73,5.77,High Delay
KGP,Kharagpur Jn,185,10.58,18.27,65.38,5.77,High Delay
BHC,Bhadrakh,189,13.46,15.38,64.42,6.73,High Delay
CTC,Cuttack,224,4.81,9.62,78.85,6.73,High Delay
BBS,Bhubaneswar,240,0.0,10.58,82.69,6.73,High Delay
KUR,Khurda Road Jn,256,0.0,7.69,85.58,6.73,High Delay
BAM,Brahmapur,288,0.0,2.88,90.38,6.73,High Delay
PSA,Palasa,254,0.96,3.85,88.46,6.73,High Delay
CHE,Srikakulam Road,267,0.96,1.92,90.38,6.73,High Delay
VZM,Vizianagram Jn,277,0.96,1.92,91.35,5.77,High Delay
VSKP,Vishakapatnam,289,0.96,2.88,89.42,6.73,High Delay
DVD,Duvvada,286,0.96,3.85,88.46,6.73,High Delay
BZA,Vijayawada Jn,345,0.0,2.88,91.35,5.77,High Delay
PER,Perambur,381,0.0,1.92,90.38,7.69,High Delay
KPD,Katpadi Jn,359,0.96,1.92,91.35,5.77,High Delay
WFD,Whitefield,371,0.0,3.85,90.38,5.77,High Delay
SMVB,Smvt Bengaluru,342,1.92,3.85,88.46,5.77,High Delay
TVC,Trivandrum Cntl,6,86.54,7.69,1.92,3.85,On Time
QLN,Kollam Jn,15,65.38,28.85,1.92,3.85,On Time
KYJ,Kayankulam Jn,17,59.62,34.62,1.92,3.85,Slight Delay
MVLK,Mavelikara,19,53.85,40.38,1.92,3.85,Slight Delay
CNGR,Chengannur,24,34.62,59.62,1.92,3.85,Slight Delay
TRVL,Tiruvalla,27,26.92,63.46,5.77,3.85,Slight Delay
KTYM,Kottayam,21,42.31,51.92,1.92,3.85,Slight Delay
ERN,Ernakulam Town,18,57.69,34.62,3.85,3.85,Slight Delay
AWY,Aluva,20,51.92,38.46,5.77,3.85,Slight Delay
TCR,Thrisur,26,42.31,44.23,9.62,3.85,Slight Delay
PGT,Palakkad Jn,17,63.46,26.92,5.77,3.85,Slight Delay
CBE,Coimbatore Jn,23,44.23,46.15,5.77,3.85,Slight Delay
TUP,Tiruppur,28,40.38,48.08,7.69,3.85,Slight Delay
ED,Erode Jn,34,25.0,61.54,9.62,3.85,Slight Delay
SA,Salem Jn,35,15.38,69.23,11.54,3.85,Slight Delay
JTJ,Jolarpettai,29,38.46,46.15,11.54,3.85,Slight Delay
KPD,Katpadi Jn,36,21.15,63.46,11.54,3.85,Slight Delay
AJJ,Arakkonam,39,13.46,65.38,15.38,5.77,Slight Delay
PER,Perambur,45,9.62,65.38,19.23,5.77,Slight Delay
OGL,Ongole,62,0.0,59.62,36.54,3.85,High Delay
BZA,Vijayawada Jn,70,3.85,44.23,48.08,3.85,High Delay
RJY,Rajamundry,99,0.0,17.31,78.85,3.85,High Delay
VSKP,Vishakapatnam,128,1.92,11.54,82.69,3.85,High Delay
VZM,Vizianagram Jn,139,1.92,7.69,86.54,3.85,High Delay
CHE,Srikakulam Road,145,0.0,9.62,86.54,3.85,High Delay
PSA,Palasa,135,1.92,13.46,80.77,3.85,High Delay
BAM,Brahmapur,144,0.0,5.77,90.38,3.85,High Delay
BALU,Balugan,169,0.0,3.85,92.31,3.85,High Delay
KUR,Khurda Road Jn,167,0.0,1.92,94.23,3.85,High Delay
BBS,Bhubaneswar,176,0.0,0.0,96.15,3.85,High Delay
CTC,Cuttack,170,0.0,3.85,92.31,3.85,High Delay
JJKR,Jajpur K Road,186,0.0,1.92,94.23,3.85,High Delay
BHC,Bhadrakh,186,0.0,1.92,94.23,3.85,High Delay
BLS,Balasore,201,0.0,3.85,92.31,3.85,High Delay
KGP,Kharagpur Jn,218,0.0,3.85,92.31,3.85,High Delay
DKAE,Dankuni,237,0.0,1.92,88.46,9.62,High Delay
BHP,Bolpur S Niktn,299,0.0,0.0,90.38,9.62,High Delay
RPH,Rampur Hat,321,0.0,0.0,90.38,9.62,High Delay
PKR,Pakur,339,0.0,0.0,90.38,9.62,High Delay
MLDT,Malda Town,314,0.0,1.92,94.23,3.85,High Delay
KNE,Kishanganj,359,0.0,0.0,96.15,3.85,High Delay
NJP,New Jalpaiguri,344,0.0,0.0,96.15,3.85,High Delay
DQG,Dhupguri,348,0.0,0.0,96.15,3.85,High Delay
NCB,New Cooch Behar,356,0.0,0.0,96.15,3.85,High Delay
NOQ,New Alipurdaur,364,0.0,0.0,96.15,3.85,High Delay
KOJ,Kokrajhar,373,0.0,0.0,96.15,3.85,High Delay
NBQ,New Bongaigaon,353,0.0,1.92,94.23,3.85,High Delay
BPRD,Barpeta Road,388,0.0,1.92,94.23,3.85,High Delay
RNY,Rangiya Jn,447,0.0,0.0,96.15,3.85,High Delay
KYQ,Kamakhya,455,0.0,1.92,94.23,3.85,High Delay
GHY,Guwahati,475,0.0,0.0,96.15,3.85,High Delay
HJI,Hojai,529,0.0,0.0,96.15,3.85,High Delay
LMG,Lumding Jn,567,0.0,0.0,94.23,5.77,High Delay
MBG,Maibang,570,0.0,0.0,96.15,3.85,High Delay
NHLG,New Haflong,552,0.0,0.0,96.15,3.85,High Delay
BPB,Badarpur Jn,512,0.0,1.92,94.23,3.85,High Delay
SCL,Silchar,479,1.92,0.0,94.23,3.85,High Delay
SCL,Silchar,18,84.91,5.66,5.66,3.77,Slight Delay
BPB,Badarpur Jn,33,62.26,22.64,11.32,3.77,Slight Delay
NHLG,New Haflong,29,67.92,18.87,9.43,3.77,Slight Delay
MBG,Maibang,25,69.81,16.98,9.43,3.77,Slight Delay
LMG,Lumding Jn,46,30.19,47.17,18.87,3.77,Slight Delay
HJI,Hojai,51,26.42,47.17,22.64,3.77,Slight Delay
GHY,Guwahati,78,24.53,24.53,47.17,3.77,High Delay
KYQ,Kamakhya,82,20.75,28.3,47.17,3.77,High Delay
RNY,Rangiya Jn,106,5.66,28.3,62.26,3.77,High Delay
BPRD,Barpeta Road,132,0.0,18.87,77.36,3.77,High Delay
BNGN,Bongaigaon,219,0.0,0.0,3.77,96.23,High Delay
NBQ,New Bongaigaon,95,11.32,22.64,58.49,7.55,High Delay
KOJ,Kokrajhar,105,11.32,24.53,60.38,3.77,High Delay
NOQ,New Alipurdaur,124,3.77,22.64,69.81,3.77,High Delay
NCB,New Cooch Behar,132,1.89,15.09,79.25,3.77,High Delay
DQG,Dhupguri,137,0.0,15.09,79.25,5.66,High Delay
NJP,New Jalpaiguri,109,18.87,18.87,58.49,3.77,High Delay
KNE,Kishanganj,133,7.55,15.09,73.58,3.77,High Delay
MLDT,Malda Town,113,24.53,22.64,49.06,3.77,High Delay
PKR,Pakur,114,24.53,22.64,43.4,9.43,High Delay
RPH,Rampur Hat,113,18.87,20.75,50.94,9.43,High Delay
BHP,Bolpur S Niktn,129,7.55,22.64,60.38,9.43,High Delay
DKAE,Dankuni,168,1.89,20.75,64.15,13.21,High Delay
KGP,Kharagpur Jn,170,7.55,20.75,67.92,3.77,High Delay
BLS,Balasore,177,5.66,22.64,66.04,5.66,High Delay
BHC,Bhadrakh,192,3.77,16.98,73.58,5.66,High Delay
JJKR,Jajpur K Road,200,1.89,13.21,79.25,5.66,High Delay
CTC,Cuttack,213,3.77,11.32,79.25,5.66,High Delay
BBS,Bhubaneswar,220,3.77,11.32,79.25,5.66,High Delay
KUR,Khurda Road Jn,222,3.77,11.32,79.25,5.66,High Delay
BALU,Balugan,241,1.89,7.55,84.91,5.66,High Delay
BAM,Brahmapur,243,3.77,5.66,84.91,5.66,High Delay
PSA,Palasa,222,3.77,16.98,73.58,5.66,High Delay
CHE,Srikakulam Road,232,3.77,5.66,84.91,5.66,High Delay
VZM,Vizianagram Jn,248,3.77,5.66,86.79,3.77,High Delay
VSKP,Vishakapatnam,254,5.66,7.55,83.02,3.77,High Delay
RJY,Rajamundry,284,0.0,7.55,88.68,3.77,High Delay
BZA,Vijayawada Jn,291,1.89,3.77,90.57,3.77,High Delay
PER,Perambur,312,3.77,3.77,88.68,3.77,High Delay
AJJ,Arakkonam,310,3.77,3.77,88.68,3.77,High Delay
KPD,Katpadi Jn,305,3.77,3.77,88.68,3.77,High Delay
JTJ,Jolarpettai,302,3.77,5.66,86.79,3.77,High Delay
SA,Salem Jn,310,3.77,7.55,84.91,3.77,High Delay
ED,Erode Jn,309,3.77,9.43,83.02,3.77,High Delay
TUP,Tiruppur,310,1.89,13.21,81.13,3.77,High Delay
CBE,Coimbatore Jn,300,3.77,13.21,79.25,3.77,High Delay
PGT,Palakkad Jn,309,3.77,15.09,77.36,3.77,High Delay
TCR,Thrisur,316,9.43,7.55,79.25,3.77,High Delay
AWY,Aluva,309,13.21,3.77,79.25,3.77,High Delay
ERN,Ernakulam Town,315,13.21,3.77,79.25,3.77,High Delay
KTYM,Kottayam,316,13.21,3.77,79.25,3.77,High Delay
TRVL,Tiruvalla,314,13.21,3.77,79.25,3.77,High Delay
CNGR,Chengannur,316,13.21,3.77,79.25,3.77,High Delay
MVLK,Mavelikara,318,13.21,3.77,79.25,3.77,High Delay
KYJ,Kayankulam Jn,317,13.21,3.77,79.25,3.77,High Delay
QLN,Kollam Jn,317,9.43,7.55,79.25,3.77,High Delay
TVC,Trivandrum Cntl,292,15.09,1.89,79.25,3.77,High Delay
SMVB,Smvt Bengaluru,9,84.08,7.64,2.55,5.73,On Time
KJM,Krishnarajapurm,19,65.61,24.84,3.82,5.73,Slight Delay
BWT,Bangarapet,28,33.12,53.5,7.64,5.73,Slight Delay
JTJ,Jolarpettai,22,63.69,23.57,7.01,5.73,Slight Delay
KPD,Katpadi Jn,26,52.87,31.85,9.55,5.73,Slight Delay
AJJ,Arakkonam,32,42.68,38.22,13.38,5.73,Slight Delay
PER,Perambur,37,26.75,53.5,14.01,5.73,Slight Delay
OGL,Ongole,40,25.48,50.32,18.47,5.73,Slight Delay
BZA,Vijayawada Jn,47,28.66,42.04,23.57,5.73,Slight Delay
RJY,Rajamundry,90,7.01,27.39,59.87,5.73,High Delay
VSKP,Vishakapatnam,93,18.47,22.93,52.87,5.73,High Delay
VZM,Vizianagram Jn,105,10.19,28.66,55.41,5.73,High Delay
CHE,Srikakulam Road,110,5.73,31.21,56.69,6.37,High Delay
PSA,Palasa,104,15.92,22.93,54.78,6.37,High Delay
BAM,Brahmapur,104,15.92,24.2,53.5,6.37,High Delay
BALU,Balugan,115,6.37,26.75,60.51,6.37,High Delay
KUR,Khurda Road Jn,126,3.82,25.48,64.33,6.37,High Delay
BBS,Bhubaneswar,130,3.82,24.84,64.97,6.37,High Delay
CTC,Cuttack,131,2.55,21.02,66.24,10.19,High Delay
JJKR,Jajpur K Road,149,1.27,12.74,75.8,10.19,High Delay
BHC,Bhadrakh,126,5.73,21.66,62.42,10.19,High Delay
BLS,Balasore,139,3.82,19.11,66.88,10.19,High Delay
KGP,Kharagpur Jn,148,2.55,17.2,70.7,9.55,High Delay
DKAE,Dankuni,155,6.37,9.55,73.25,10.83,High Delay
BHP,Bolpur S Niktn,189,3.18,6.37,79.62,10.83,High Delay
RPH,Rampur Hat,201,3.82,5.73,79.62,10.83,High Delay
NFK,New Farakka Jn,201,2.55,6.37,85.35,5.73,High Delay
MLDT,Malda Town,186,4.46,10.83,78.98,5.73,High Delay
BOE,Barsoi Jn,225,0.0,6.37,87.9,5.73,High Delay
KNE,Kishanganj,244,0.0,5.1,89.17,5.73,High Delay
NJP,New Jalpaiguri,230,1.91,5.1,87.26,5.73,High Delay
JPE,Jalpaiguri Road,233,2.55,3.82,87.9,5.73,High Delay
DQG,Dhupguri,240,1.91,3.18,89.17,5.73,High Delay
NCB,New Cooch Behar,247,1.91,2.55,89.81,5.73,High Delay
NOQ,New Alipurdaur,250,1.91,1.91,90.45,5.73,High Delay
KOJ,Kokrajhar,270,1.27,1.27,91.72,5.73,High Delay
NBQ,New Bongaigaon,255,1.91,3.82,88.54,5.73,High Delay
BPRD,Barpeta Road,295,1.27,1.91,89.81,7.01,High Delay
RNY,Rangiya Jn,329,0.64,2.55,89.81,7.01,High Delay
KYQ,Kamakhya,326,1.91,4.46,87.9,5.73,High Delay
GHY,Guwahati,311,3.82,5.1,85.35,5.73,High Delay
CBE,Coimbatore Jn,7,90.38,3.85,1.92,3.85,On Time
TUP,Tiruppur,20,57.69,36.54,1.92,3.85,Slight Delay
ED,Erode Jn,25,38.46,55.77,1.92,3.85,Slight Delay
SA,Salem Jn,33,34.62,57.69,3.85,3.85,Slight Delay
JTJ,Jolarpettai,31,55.77,28.85,11.54,3.85,Slight Delay
KPD,Katpadi Jn,38,51.92,30.77,13.46,3.85,Slight Delay
AJJ,Arakkonam,44,42.31,32.69,19.23,5.77,Slight Delay
PER,Perambur,48,34.62,40.38,19.23,5.77,Slight Delay
OGL,Ongole,63,30.77,46.15,17.31,5.77,High Delay
BZA,Vijayawada Jn,60,34.62,40.38,21.15,3.85,Slight Delay
RJY,Rajamundry,83,21.15,38.46,36.54,3.85,High Delay
VSKP,Vishakapatnam,77,42.31,28.85,25.0,3.85,High Delay
VZM,Vizianagram Jn,87,25.0,34.62,36.54,3.85,High Delay
CHE,Srikakulam Road,92,17.31,42.31,36.54,3.85,High Delay
PSA,Palasa,81,36.54,30.77,28.85,3.85,High Delay
BAM,Brahmapur,82,34.62,30.77,30.77,3.85,High Delay
BALU,Balugan,92,25.0,38.46,32.69,3.85,High Delay
KUR,Khurda Road Jn,104,15.38,40.38,40.38,3.85,High Delay
BBS,Bhubaneswar,105,9.62,46.15,40.38,3.85,High Delay
CTC,Cuttack,113,5.77,46.15,44.23,3.85,High Delay
JJKR,Jajpur K Road,130,3.85,34.62,57.69,3.85,High Delay
BHC,Bhadrakh,108,19.23,36.54,40.38,3.85,High Delay
BLS,Balasore,119,11.54,34.62,50.0,3.85,High Delay
KGP,Kharagpur Jn,128,13.46,32.69,50.0,3.85,High Delay
DKAE,Dankuni,145,5.77,26.92,55.77,11.54,High Delay
BHP,Bolpur S Niktn,165,5.77,17.31,65.38,11.54,High Delay
RPH,Rampur Hat,177,5.77,15.38,67.31,11.54,High Delay
NFK,New Farakka Jn,172,11.54,17.31,67.31,3.85,High Delay
MLDT,Malda Town,158,19.23,17.31,59.62,3.85,High Delay
KNE,Kishanganj,202,1.92,21.15,73.08,3.85,High Delay
NJP,New Jalpaiguri,190,11.54,17.31,67.31,3.85,High Delay
DQG,Dhupguri,191,7.69,21.15,67.31,3.85,High Delay
NCB,New Cooch Behar,198,5.77,23.08,67.31,3.85,High Delay
NOQ,New Alipurdaur,200,5.77,21.15,69.23,3.85,High Delay
KOJ,Kokrajhar,217,3.85,17.31,75.0,3.85,High Delay
NBQ,New Bongaigaon,196,11.54,15.38,69.23,3.85,High Delay
BPRD,Barpeta Road,217,1.92,17.31,76.92,3.85,High Delay
RNY,Rangiya Jn,247,3.85,11.54,80.77,3.85,High Delay
KYQ,Kamakhya,243,7.69,13.46,75.0,3.85,High Delay
GHY,Guwahati,276,1.92,9.62,84.62,3.85,High Delay
HJI,Hojai,317,0.0,3.85,92.31,3.85,High Delay
LMG,Lumding Jn,324,0.0,3.85,88.46,7.69,High Delay
MBG,Maibang,338,0.0,0.0,96.15,3.85,High Delay
NHLG,New Haflong,342,0.0,0.0,96.15,3.85,High Delay
BPB,Badarpur Jn,311,0.0,5.77,90.38,3.85,High Delay
SCL,Silchar,291,3.85,9.62,82.69,3.85,High Delay
AGTL,Agartala,14,30.19,3.77,1.89,64.15,On Time
ABSA,Ambasa,27,15.09,18.87,1.89,64.15,Slight Delay
DMR,Dharmanagar,28,16.98,15.09,3.77,64.15,Slight Delay
BPB,Badarpur Jn,41,15.09,15.09,5.66,64.15,Slight Delay
NHLG,New Haflong,36,13.21,16.98,5.66,64.15,Slight Delay
MYD,Manderdisa,26,20.75,11.32,3.77,64.15,Slight Delay
HJI,Hojai,43,11.32,18.87,5.66,64.15,Slight Delay
CPK,Chaparmukh Jn,80,0.0,15.09,20.75,64.15,High Delay
GHY,Guwahati,85,3.77,11.32,20.75,64.15,High Delay
KYQ,Kamakhya,48,49.06,18.87,32.08,0.0,Slight Delay
RNY,Rangiya Jn,67,33.96,28.3,37.74,0.0,High Delay
BNGN,Bongaigaon,138,0.0,1.89,1.89,96.23,High Delay
NBQ,New Bongaigaon,66,30.19,26.42,39.62,3.77,High Delay
NCB,New Cooch Behar,92,13.21,37.74,49.06,0.0,High Delay
NJP,New Jalpaiguri,84,33.96,22.64,43.4,0.0,High Delay
KNE,Kishanganj,99,15.09,37.74,47.17,0.0,High Delay
KIR,Katihar Jn,99,22.64,30.19,47.17,0.0,High Delay
NNA,Naugachia,101,24.53,30.19,45.28,0.0,High Delay
KGG,Khagaria Jn,110,15.09,41.51,43.4,0.0,High Delay
BGS,Begu Sarai,117,13.21,39.62,47.17,0.0,High Delay
BJU,Barauni Jn,142,3.77,13.21,32.08,50.94,High Delay
HJP,Hajipur Jn,103,28.3,26.42,45.28,0.0,High Delay
PPTA,Patliputra,92,39.62,20.75,39.62,0.0,High Delay
DNR,Danapur,103,24.53,32.08,43.4,0.0,High Delay
DDU,Pt Deen Dayal Upadhyay Jn,84,50.94,13.21,35.85,0.0,High Delay
MZP,Mirzapur,103,30.19,22.64,47.17,0.0,High Delay
PCOI,Prayagraj Chheoki,121,16.98,22.64,60.38,0.0,High Delay
STA,Satna,176,3.77,22.64,73.58,0.0,High Delay
KTE,Katni,193,1.89,13.21,84.91,0.0,High Delay
JBP,Jabalpur,205,0.0,9.43,90.57,0.0,High Delay
ET,Itarsi Jn,188,5.66,13.21,81.13,0.0,High Delay
KNW,Khandwa,191,9.43,13.21,77.36,0.0,High Delay
BSL,Bhusaval Jn,200,9.43,13.21,77.36,0.0,High Delay
JL,Jalgaon Jn,197,11.32,15.09,73.58,0.0,High Delay
MMR,Manmad Jn,222,7.55,13.21,79.25,0.0,High Delay
NK,Nasik Road,231,5.66,15.09,79.25,0.0,High Delay
KYN,Kalyan Jn,253,0.0,16.98,83.02,0.0,High Delay
TNA,Thane,207,15.09,15.09,69.81,0.0,High Delay
LTT,Lokmanyatilak T,222,9.43,9.43,56.6,24.53,High Delay
KOAA,Kolkata,1,94.23,0.0,0.0,5.77,On Time
BWN,Barddhaman Jn,15,51.92,32.69,1.92,13.46,On Time
BHP,Bolpur S Niktn,18,40.38,46.15,0.0,13.46,Slight Delay
RPH,Rampur Hat,32,13.46,69.23,3.85,13.46,Slight Delay
MLDT,Malda Town,33,51.92,19.23,23.08,5.77,Slight Delay
NJP,New Jalpaiguri,46,38.46,25.0,30.77,5.77,Slight Delay
NCB,New Cooch Behar,75,3.85,42.31,48.08,5.77,High Delay
NOQ,New Alipurdaur,67,11.54,40.38,42.31,5.77,High Delay
FKM,Fakiragram Jn,68,11.54,40.38,42.31,5.77,High Delay
NBQ,New Bongaigaon,44,36.54,30.77,26.92,5.77,Slight Delay
KYQ,Kamakhya,72,25.0,25.0,44.23,5.77,High Delay
GHY,Guwahati,79,13.46,36.54,44.23,5.77,High Delay
JID,Jagi Road,83,9.62,38.46,46.15,5.77,High Delay
CPK,Chaparmukh Jn,90,9.62,28.85,55.77,5.77,High Delay
NGAN,Nagaon,84,17.31,19.23,57.69,5.77,High Delay
JKB,Jakhalabandha,83,21.15,15.38,57.69,5.77,High Delay
SHTT,Silghat Town,69,36.54,13.46,44.23,5.77,High Delay
SHTT,Silghat Town,3,86.54,7.69,0.0,5.77,On Time
JKB,Jakhalabandha,3,86.54,7.69,0.0,5.77,On Time
NGAN,Nagaon,4,84.62,9.62,0.0,5.77,On Time
CPK,Chaparmukh Jn,10,75.0,17.31,1.92,5.77,On Time
JID,Jagi Road,13,69.23,23.08,1.92,5.77,On Time
GHY,Guwahati,17,67.31,23.08,3.85,5.77,Slight Delay
KYQ,Kamakhya,20,65.38,17.31,11.54,5.77,Slight Delay
NBQ,New Bongaigaon,27,65.38,11.54,17.31,5.77,Slight Delay
FKM,Fakiragram Jn,39,46.15,25.0,23.08,5.77,Slight Delay
NOQ,New Alipurdaur,47,23.08,44.23,26.92,5.77,Slight Delay
NCB,New Cooch Behar,71,5.77,51.92,36.54,5.77,High Delay
NJP,New Jalpaiguri,37,53.85,19.23,21.15,5.77,Slight Delay
MLDT,Malda Town,29,59.62,15.38,19.23,5.77,Slight Delay
RPH,Rampur Hat,60,23.08,36.54,28.85,11.54,Slight Delay
BHP,Bolpur S Niktn,72,11.54,42.31,34.62,11.54,High Delay
BWN,Barddhaman Jn,68,23.08,28.85,36.54,11.54,High Delay
KOAA,Kolkata,56,36.54,19.23,38.46,5.77,Slight Delay
SCL,Silchar,2,98.08,0.0,1.92,0.0,On Time
BPB,Badarpur Jn,22,46.15,48.08,5.77,0.0,Slight Delay
NHLG,New Haflong,17,57.69,40.38,1.92,0.0,Slight Delay
LMG,Lumding Jn,19,57.69,36.54,5.77,0.0,Slight Delay
GHY,Guwahati,2,100.0,0.0,0.0,0.0,On Time
GLPT,Goalpara Town,32,19.23,67.31,11.54,1.92,Slight Delay
NBQ,New Bongaigaon,18,63.46,28.85,7.69,0.0,Slight Delay
NJP,New Jalpaiguri,30,38.46,50.0,11.54,0.0,Slight Delay
KIR,Katihar Jn,23,61.54,17.31,21.15,0.0,Slight Delay
BJU,Barauni Jn,46,11.54,21.15,17.31,50.0,Slight Delay
PPTA,Patliputra,40,46.15,26.92,26.92,0.0,Slight Delay
DDU,Pt Deen Dayal Upadhyay Jn,40,53.85,23.08,23.08,0.0,Slight Delay
PRYJ,Prayagraj Jn,84,23.08,30.77,46.15,0.0,High Delay
CNB,Kanpur Central,109,11.54,32.69,55.77,0.0,High Delay
NDLS,New Delhi,139,36.54,9.62,53.85,0.0,High Delay
NDLS,New Delhi,31,64.15,16.98,18.87,0.0,Slight Delay
CNB,Kanpur Central,97,16.98,39.62,43.4,0.0,High Delay
PRYJ,Prayagraj Jn,124,3.77,33.96,60.38,1.89,High Delay
DDU,Pt Deen Dayal Upadhyay Jn,137,24.53,16.98,56.6,1.89,High Delay
PPTA,Patliputra,165,24.53,9.43,64.15,1.89,High Delay
BJU,Barauni Jn,249,3.77,11.32,33.96,50.94,High Delay
KIR,Katihar Jn,198,16.98,20.75,62.26,0.0,High Delay
NJP,New Jalpaiguri,215,15.09,15.09,69.81,0.0,High Delay
NBQ,New Bongaigaon,229,11.32,16.98,71.7,0.0,High Delay
GLPT,Goalpara Town,242,5.66,20.75,73.58,0.0,High Delay
GHY,Guwahati,237,3.77,26.42,69.81,0.0,High Delay
LMG,Lumding Jn,286,1.89,13.21,84.91,0.0,High Delay
NHLG,New Haflong,269,3.77,15.09,81.13,0.0,High Delay
BPB,Badarpur Jn,259,11.32,5.66,83.02,0.0,High Delay
SCL,Silchar,181,37.74,7.55,54.72,0.0,High Delay
AGTL,Agartala,41,81.13,7.55,11.32,0.0,Slight Delay
ABSA,Ambasa,57,50.94,33.96,15.09,0.0,Slight Delay
DMR,Dharmanagar,52,62.26,24.53,13.21,0.0,Slight Delay
PTKD,Patharkandi,53,62.26,24.53,13.21,0.0,Slight Delay
NKMG,New Karimganj,51,62.26,24.53,13.21,0.0,Slight Delay
BPB,Badarpur Jn,56,56.6,28.3,15.09,0.0,Slight Delay
NHLG,New Haflong,56,45.28,37.74,16.98,0.0,Slight Delay
LMG,Lumding Jn,66,41.51,35.85,22.64,0.0,High Delay
HJI,Hojai,65,41.51,41.51,16.98,0.0,High Delay
JID,Jagi Road,70,26.42,52.83,20.75,0.0,High Delay
GHY,Guwahati,44,86.79,0.0,13.21,0.0,Slight Delay
NBQ,New Bongaigaon,56,62.26,18.87,18.87,0.0,Slight Delay
NJP,New Jalpaiguri,82,24.53,49.06,26.42,0.0,High Delay
KIR,Katihar Jn,69,56.6,20.75,22.64,0.0,High Delay
BJU,Barauni Jn,92,11.32,62.26,26.42,0.0,High Delay
PPTA,Patliputra,81,52.83,22.64,24.53,0.0,High Delay
DDU,Pt Deen Dayal Upadhyay Jn,92,54.72,15.09,30.19,0.0,High Delay
PRYJ,Prayagraj Jn,145,7.55,39.62,52.83,0.0,High Delay
CNB,Kanpur Central,186,3.77,15.09,81.13,0.0,High Delay
NDLS,New Delhi,262,7.55,3.77,88.68,0.0,High Delay
SSB,Shakurbasti,295,0.0,11.32,88.68,0.0,High Delay
ROK,Rohtak Jn,305,1.89,5.66,92.45,0.0,High Delay
BNW,Bhiwani,319,0.0,5.66,94.34,0.0,High Delay
HSR,Hisar,325,0.0,5.66,94.34,0.0,High Delay
ADR,Mandi Adampur,328,0.0,5.66,94.34,0.0,High Delay
SSA,Sirsa,311,0.0,7.55,92.45,0.0,High Delay
KNL,Kalanwali,320,0.0,5.66,94.34,0.0,High Delay
BTI,Bhatinda Jn,263,5.66,9.43,84.91,0.0,High Delay
KKP,Kot Kapura,286,1.89,7.55,90.57,0.0,High Delay
FDK,Faridkot,289,1.89,7.55,90.57,0.0,High Delay
FZR,Firozpur Cant,265,5.66,9.43,84.91,0.0,High Delay
FZR,Firozpur Cant,6,90.38,7.69,1.92,0.0,On Time
FDK,Faridkot,15,76.92,21.15,1.92,0.0,On Time
KKP,Kot Kapura,17,75.0,23.08,1.92,0.0,Slight Delay
BTI,Bhatinda Jn,4,96.15,1.92,1.92,0.0,On Time
KNL,Kalanwali,21,42.31,55.77,1.92,0.0,Slight Delay
SSA,Sirsa,7,88.46,9.62,1.92,0.0,On Time
ADR,Mandi Adampur,20,42.31,55.77,1.92,0.0,Slight Delay
HSR,Hisar,11,80.77,15.38,3.85,0.0,On Time
BNW,Bhiwani,15,73.08,23.08,3.85,0.0,On Time
ROK,Rohtak Jn,10,92.31,3.85,3.85,0.0,On Time
SSB,Shakurbasti,19,63.46,30.77,5.77,0.0,Slight Delay
NDLS,New Delhi,16,75.0,17.31,7.69,0.0,Slight Delay
CNB,Kanpur Central,123,5.77,26.92,67.31,0.0,High Delay
PRYJ,Prayagraj Jn,159,0.0,17.31,82.69,0.0,High Delay
DDU,Pt Deen Dayal Upadhyay Jn,171,7.69,17.31,75.0,0.0,High Delay
PPTA,Patliputra,202,5.77,7.69,86.54,0.0,High Delay
BJU,Barauni Jn,235,1.92,7.69,90.38,0.0,High Delay
KIR,Katihar Jn,229,5.77,3.85,88.46,1.92,High Delay
NJP,New Jalpaiguri,251,1.92,9.62,86.54,1.92,High Delay
NBQ,New Bongaigaon,262,1.92,7.69,90.38,0.0,High Delay
GHY,Guwahati,276,1.92,7.69,90.38,0.0,High Delay
JID,Jagi Road,292,1.92,7.69,90.38,0.0,High Delay
HJI,Hojai,311,1.92,3.85,94.23,0.0,High Delay
LMG,Lumding Jn,336,0.0,3.85,96.15,0.0,High Delay
NHLG,New Haflong,322,1.92,1.92,96.15,0.0,High Delay
BPB,Badarpur Jn,305,0.0,7.69,92.31,0.0,High Delay
NKMG,New Karimganj,299,0.0,9.62,90.38,0.0,High Delay
PTKD,Patharkandi,295,0.0,9.62,90.38,0.0,High Delay
DMR,Dharmanagar,302,0.0,7.69,92.31,0.0,High Delay
ABSA,Ambasa,285,3.85,7.69,88.46,0.0,High Delay
AGTL,Agartala,230,13.46,7.69,78.85,0.0,High Delay
TBM,Tambaram,11,67.31,25.0,0.0,7.69,On Time
MS,Chennai Egmore,15,63.46,25.0,3.85,7.69,On Time
NLR,Nellore,20,40.38,50.0,1.92,7.69,Slight Delay
OGL,Ongole,33,19.23,65.38,7.69,7.69,Slight Delay
BZA,Vijayawada Jn,51,3.85,59.62,28.85,7.69,Slight Delay
EE,Eluru,63,1.92,38.46,51.92,7.69,High Delay
RJY,Rajamundry,93,0.0,13.46,78.85,7.69,High Delay
VSKP,Vishakapatnam,37,30.77,46.15,15.38,7.69,Slight Delay
BAM,Brahmapur,25,46.15,38.46,7.69,7.69,Slight Delay
KUR,Khurda Road Jn,34,28.85,53.85,9.62,7.69,Slight Delay
BBS,Bhubaneswar,47,19.23,48.08,25.0,7.69,Slight Delay
CTC,Cuttack,48,21.15,46.15,25.0,7.69,Slight Delay
BLS,Balasore,54,30.77,34.62,26.92,7.69,Slight Delay
HIJ,Hijilli,56,26.92,42.31,23.08,7.69,Slight Delay
TATA,Tatanagar Jn,77,3.85,44.23,44.23,7.69,High Delay
PRR,Purulia Jn,109,0.0,26.92,65.38,7.69,High Delay
JOC,Joychandi Pahar,110,1.92,25.0,65.38,7.69,High Delay
ASN,Asansol Jn,112,3.85,21.15,67.31,7.69,High Delay
UDL,Andal Jn,115,3.85,21.15,67.31,7.69,High Delay
DGR,Durgapur,125,3.85,15.38,73.08,7.69,High Delay
SURI,Siuri,172,0.0,5.77,86.54,7.69,High Delay
RPH,Rampur Hat,160,0.0,11.54,80.77,7.69,High Delay
PKR,Pakur,187,0.0,1.92,90.38,7.69,High Delay
NFK,New Farakka Jn,194,0.0,7.69,84.62,7.69,High Delay
MLDT,Malda Town,189,0.0,9.62,82.69,7.69,High Delay
BOE,Barsoi Jn,211,0.0,1.92,90.38,7.69,High Delay
KNE,Kishanganj,226,0.0,0.0,92.31,7.69,High Delay
NJP,New Jalpaiguri,202,0.0,7.69,84.62,7.69,High Delay
NMX,New Maynaguri,193,0.0,17.31,75.0,7.69,High Delay
DQG,Dhupguri,198,0.0,17.31,75.0,7.69,High Delay
NCB,New Cooch Behar,201,0.0,13.46,78.85,7.69,High Delay
NOQ,New Alipurdaur,201,0.0,13.46,78.85,7.69,High Delay
FKM,Fakiragram Jn,214,0.0,11.54,80.77,7.69,High Delay
KOJ,Kokrajhar,218,0.0,9.62,82.69,7.69,High Delay
NBQ,New Bongaigaon,201,1.92,11.54,78.85,7.69,High Delay
RNY,Rangiya Jn,225,0.0,7.69,84.62,7.69,High Delay
KYQ,Kamakhya,198,3.85,9.62,78.85,7.69,High Delay
GHY,Guwahati,212,0.0,7.69,84.62,7.69,High Delay
JID,Jagi Road,213,1.92,5.77,84.62,7.69,High Delay
CPK,Chaparmukh Jn,212,3.85,9.62,78.85,7.69,High Delay
NGAN,Nagaon,207,1.92,11.54,78.85,7.69,High Delay
JKB,Jakhalabandha,201,3.85,11.54,76.92,7.69,High Delay
SHTT,Silghat Town,184,13.46,5.77,73.08,7.69,High Delay
SHTT,Silghat Town,66,38.46,19.23,34.62,7.69,High Delay
JKB,Jakhalabandha,65,38.46,19.23,34.62,7.69,High Delay
NGAN,Nagaon,67,36.54,21.15,34.62,7.69,High Delay
CPK,Chaparmukh Jn,79,25.0,26.92,40.38,7.69,High Delay
JID,Jagi Road,88,13.46,36.54,42.31,7.69,High Delay
GHY,Guwahati,78,23.08,26.92,42.31,7.69,High Delay
KYQ,Kamakhya,84,19.23,28.85,44.23,7.69,High Delay
RNY,Rangiya Jn,112,13.46,21.15,55.77,9.62,High Delay
BNGN,Bongaigaon,231,0.0,0.0,1.92,98.08,High Delay
NBQ,New Bongaigaon,104,21.15,21.15,48.08,9.62,High Delay
KOJ,Kokrajhar,115,13.46,23.08,55.77,7.69,High Delay
FKM,Fakiragram Jn,119,11.54,25.0,55.77,7.69,High Delay
NOQ,New Alipurdaur,130,1.92,25.0,65.38,7.69,High Delay
NCB,New Cooch Behar,133,1.92,26.92,63.46,7.69,High Delay
DQG,Dhupguri,137,0.0,32.69,59.62,7.69,High Delay
NMX,New Maynaguri,138,0.0,30.77,61.54,7.69,High Delay
NJP,New Jalpaiguri,102,26.92,15.38,50.0,7.69,High Delay
KNE,Kishanganj,115,7.69,34.62,50.0,7.69,High Delay
BOE,Barsoi Jn,127,3.85,34.62,53.85,7.69,High Delay
MLDT,Malda Town,92,38.46,7.69,46.15,7.69,High Delay
NFK,New Farakka Jn,95,36.54,9.62,46.15,7.69,High Delay
PKR,Pakur,92,40.38,9.62,42.31,7.69,High Delay
RPH,Rampur Hat,102,34.62,9.62,48.08,7.69,High Delay
SURI,Siuri,104,32.69,9.62,50.0,7.69,High Delay
UDL,Andal Jn,109,30.77,11.54,50.0,7.69,High Delay
DGR,Durgapur,126,9.62,32.69,50.0,7.69,High Delay
ASN,Asansol Jn,114,30.77,13.46,48.08,7.69,High Delay
JOC,Joychandi Pahar,119,25.0,17.31,50.0,7.69,High Delay
PRR,Purulia Jn,121,19.23,21.15,50.0,9.62,High Delay
TATA,Tatanagar Jn,133,21.15,11.54,57.69,9.62,High Delay
HIJ,Hijilli,129,17.31,13.46,57.69,11.54,High Delay
BLS,Balasore,129,15.38,15.38,57.69,11.54,High Delay
CTC,Cuttack,150,15.38,17.31,59.62,7.69,High Delay
BBS,Bhubaneswar,158,15.38,13.46,63.46,7.69,High Delay
KUR,Khurda Road Jn,158,11.54,15.38,65.38,7.69,High Delay
BAM,Brahmapur,181,1.92,17.31,73.08,7.69,High Delay
VSKP,Vishakapatnam,136,19.23,13.46,59.62,7.69,High Delay
RJY,Rajamundry,171,11.54,19.23,61.54,7.69,High Delay
EE,Eluru,187,9.62,21.15,61.54,7.69,High Delay
BZA,Vijayawada Jn,170,23.08,11.54,57.69,7.69,High Delay
OGL,Ongole,197,5.77,13.46,73.08,7.69,High Delay
NLR,Nellore,183,19.23,15.38,57.69,7.69,High Delay
MS,Chennai Egmore,107,42.31,7.69,42.31,7.69,High Delay
TBM,Tambaram,97,44.23,9.62,38.46,7.69,High Delay
LTT,Lokmanyatilak T,22,88.46,3.85,7.69,0.0,Slight Delay
KYN,Kalyan Jn,37,42.31,48.08,9.62,0.0,Slight Delay
NK,Nasik Road,30,76.92,11.54,11.54,0.0,Slight Delay
MMR,Manmad Jn,37,67.31,19.23,13.46,0.0,Slight Delay
BSL,Bhusaval Jn,48,48.08,34.62,17.31,0.0,Slight Delay
BAU,Burhanpur,52,48.08,30.77,21.15,0.0,Slight Delay
KNW,Khandwa,45,71.15,9.62,19.23,0.0,Slight Delay
HD,Harda,52,59.62,17.31,23.08,0.0,Slight Delay
ET,Itarsi Jn,51,67.31,9.62,23.08,0.0,Slight Delay
PPI,Pipariya,59,48.08,28.85,23.08,0.0,Slight Delay
JBP,Jabalpur,63,40.38,32.69,26.92,0.0,High Delay
KTE,Katni,99,1.92,53.85,44.23,0.0,High Delay
MYR,Maihar,41,0.0,3.85,0.0,96.15,Slight Delay
STA,Satna,112,0.0,50.0,50.0,0.0,High Delay
PCOI,Prayagraj Chheoki,130,7.69,42.31,50.0,0.0,High Delay
MZP,Mirzapur,140,3.85,40.38,55.77,0.0,High Delay
DDU,Pt Deen Dayal Upadhyay Jn,122,28.85,21.15,50.0,0.0,High Delay
DLN,Dildarnagar Jn,123,30.77,19.23,48.08,1.92,High Delay
BXR,Buxar,121,30.77,23.08,44.23,1.92,High Delay
DURE,Dumraon,126,28.85,21.15,48.08,1.92,High Delay
ARA,Ara,121,28.85,21.15,48.08,1.92,High Delay
DNR,Danapur,124,23.08,26.92,48.08,1.92,High Delay
PNBE,Patna Jn,101,38.46,21.15,40.38,0.0,High Delay
PNC,Patna Saheb,115,26.92,28.85,44.23,0.0,High Delay
FUT,Fatuha Jn,126,25.0,25.0,50.0,0.0,High Delay
KOO,Khusropur,129,21.15,26.92,51.92,0.0,High Delay
BKP,Bakhtiyarpur Jn,135,17.31,26.92,55.77,0.0,High Delay
BARH,Barh,145,5.77,30.77,63.46,0.0,High Delay
MKA,Mokameh Jn,145,11.54,26.92,61.54,0.0,High Delay
HTZ,Hathidah Jn,151,3.85,28.85,67.31,0.0,High Delay
BRYA,Barhiya,155,3.85,25.0,71.15,0.0,High Delay
LKR,Luckeesarai Jn,141,19.23,21.15,59.62,0.0,High Delay
KIUL,Kiul Jn,101,44.23,9.62,46.15,0.0,High Delay
AHA,Abhaipur,112,38.46,1.92,40.38,19.23,High Delay
JMP,Jamalpur Jn,96,44.23,13.46,42.31,0.0,High Delay
BUP,Bariarpur,101,34.62,21.15,44.23,0.0,High Delay
SGG,Sultanganj,100,36.54,19.23,44.23,0.0,High Delay
BGP,Bhagalpur,90,44.23,17.31,38.46,0.0,High Delay
CLG,Kahalgaon,96,34.62,25.0,40.38,0.0,High Delay
SBG,Sahibganj Jn,91,40.38,17.31,42.31,0.0,High Delay
BHW,Barharwa Jn,84,42.31,26.92,30.77,0.0,High Delay
NFK,New Farakka Jn,88,28.85,36.54,34.62,0.0,High Delay
MLDT,Malda Town,84,44.23,19.23,36.54,0.0,High Delay
KNE,Kishanganj,119,11.54,40.38,48.08,0.0,High Delay
NJP,New Jalpaiguri,109,34.62,25.0,40.38,0.0,High Delay
DQG,Dhupguri,111,32.69,25.0,42.31,0.0,High Delay
NCB,New Cooch Behar,112,32.69,25.0,42.31,0.0,High Delay
NOQ,New Alipurdaur,112,32.69,25.0,42.31,0.0,High Delay
NBQ,New Bongaigaon,112,40.38,17.31,42.31,0.0,High Delay
BPRD,Barpeta Road,121,15.38,30.77,50.0,3.85,High Delay
RNY,Rangiya Jn,132,11.54,25.0,59.62,3.85,High Delay
KYQ,Kamakhya,126,25.0,32.69,42.31,0.0,High Delay
GHY,Guwahati,114,32.69,32.69,34.62,0.0,High Delay
GHY,Guwahati,47,67.31,9.62,23.08,0.0,Slight Delay
KYQ,Kamakhya,56,63.46,13.46,23.08,0.0,Slight Delay
RNY,Rangiya Jn,74,42.31,23.08,32.69,1.92,High Delay
BPRD,Barpeta Road,122,0.0,34.62,63.46,1.92,High Delay
BNGN,Bongaigaon,30,0.0,3.85,0.0,96.15,Slight Delay
NBQ,New Bongaigaon,74,46.15,19.23,30.77,3.85,High Delay
NOQ,New Alipurdaur,84,21.15,42.31,36.54,0.0,High Delay
NCB,New Cooch Behar,92,15.38,50.0,34.62,0.0,High Delay
DQG,Dhupguri,95,15.38,46.15,38.46,0.0,High Delay
NJP,New Jalpaiguri,63,59.62,15.38,25.0,0.0,High Delay
KNE,Kishanganj,77,28.85,44.23,26.92,0.0,High Delay
MLDT,Malda Town,58,67.31,7.69,25.0,0.0,Slight Delay
NFK,New Farakka Jn,64,61.54,13.46,25.0,0.0,High Delay
BHW,Barharwa Jn,60,57.69,19.23,23.08,0.0,Slight Delay
SBG,Sahibganj Jn,62,55.77,21.15,23.08,0.0,High Delay
CLG,Kahalgaon,68,48.08,25.0,26.92,0.0,High Delay
BGP,Bhagalpur,56,63.46,13.46,23.08,0.0,Slight Delay
SGG,Sultanganj,61,59.62,17.31,23.08,0.0,High Delay
BUP,Bariarpur,59,61.54,15.38,23.08,0.0,Slight Delay
JMP,Jamalpur Jn,56,69.23,9.62,21.15,0.0,Slight Delay
AHA,Abhaipur,62,51.92,9.62,21.15,17.31,High Delay
KIUL,Kiul Jn,54,73.08,3.85,23.08,0.0,Slight Delay
LKR,Luckeesarai Jn,57,71.15,5.77,23.08,0.0,Slight Delay
BRYA,Barhiya,63,71.15,5.77,23.08,0.0,High Delay
HTZ,Hathidah Jn,65,63.46,13.46,23.08,0.0,High Delay
MKA,Mokameh Jn,67,55.77,21.15,23.08,0.0,High Delay
BARH,Barh,79,23.08,51.92,25.0,0.0,High Delay
BKP,Bakhtiyarpur Jn,80,28.85,46.15,25.0,0.0,High Delay
KOO,Khusropur,85,17.31,55.77,26.92,0.0,High Delay
FUT,Fatuha Jn,89,15.38,53.85,30.77,0.0,High Delay
PNC,Patna Saheb,83,25.0,48.08,26.92,0.0,High Delay
PNBE,Patna Jn,85,28.85,46.15,25.0,0.0,High Delay
DNR,Danapur,95,19.23,50.0,30.77,0.0,High Delay
ARA,Ara,107,11.54,51.92,36.54,0.0,High Delay
DURE,Dumraon,117,7.69,50.0,42.31,0.0,High Delay
BXR,Buxar,115,11.54,44.23,44.23,0.0,High Delay
DLN,Dildarnagar Jn,124,1.92,50.0,48.08,0.0,High Delay
DDU,Pt Deen Dayal Upadhyay Jn,92,46.15,19.23,34.62,0.0,High Delay
MZP,Mirzapur,105,21.15,44.23,34.62,0.0,High Delay
PCOI,Prayagraj Chheoki,132,11.54,25.0,63.46,0.0,High Delay
STA,Satna,159,9.62,15.38,75.0,0.0,High Delay
MYR,Maihar,64,0.0,1.92,1.92,96.15,High Delay
KTE,Katni,172,7.69,11.54,80.77,0.0,High Delay
JBP,Jabalpur,182,3.85,15.38,80.77,0.0,High Delay
PPI,Pipariya,204,3.85,9.62,86.54,0.0,High Delay
ET,Itarsi Jn,182,7.69,11.54,80.77,0.0,High Delay
HD,Harda,203,1.92,13.46,84.62,0.0,High Delay
KNW,Khandwa,190,9.62,13.46,76.92,0.0,High Delay
BAU,Burhanpur,192,9.62,15.38,75.0,0.0,High Delay
BSL,Bhusaval Jn,195,9.62,15.38,75.0,0.0,High Delay
MMR,Manmad Jn,205,11.54,9.62,78.85,0.0,High Delay
NK,Nasik Road,207,11.54,11.54,76.92,0.0,High Delay
KYN,Kalyan Jn,215,5.77,15.38,78.85,0.0,High Delay
TNA,Thane,164,19.23,9.62,71.15,0.0,High Delay
LTT,Lokmanyatilak T,151,15.38,11.54,55.77,17.31,High Delay
DBRG,Dibrugarh,8,90.41,3.29,1.37,4.93,On Time
NTSK,New Tinsukia Jn,10,84.11,9.32,1.64,4.93,On Time
BOJ,Bhojo,22,31.78,61.1,2.19,4.93,Slight Delay
SLGR,Simaluguri Jn,25,24.93,67.67,2.47,4.93,Slight Delay
MXN,Mariani Jn,25,22.47,69.86,2.74,4.93,Slight Delay
FKG,Furkating Jn,10,87.95,4.93,2.19,4.93,On Time
SZR,Sarupathar,16,63.84,28.77,2.47,4.93,Slight Delay
DMV,Dimapur,24,43.56,48.49,3.01,4.93,Slight Delay
DPU,Diphu,30,22.74,68.22,4.11,4.93,Slight Delay
LMG,Lumding Jn,26,40.0,51.51,3.56,4.93,Slight Delay
HJI,Hojai,39,13.42,71.23,10.41,4.93,Slight Delay
CPK,Chaparmukh Jn,48,13.97,58.36,22.74,4.93,Slight Delay
JID,Jagi Road,58,9.04,49.86,36.16,4.93,Slight Delay
GHY,Guwahati,17,70.41,16.44,8.22,4.93,Slight Delay
KYQ,Kamakhya,18,70.41,16.16,8.49,4.93,Slight Delay
RNY,Rangiya Jn,25,58.63,25.21,10.41,5.75,Slight Delay
BPRD,Barpeta Road,50,23.29,47.95,23.01,5.75,Slight Delay
BNGN,Bongaigaon,29,1.1,1.92,0.55,96.44,Slight Delay
NBQ,New Bongaigaon,39,44.11,27.95,19.45,8.49,Slight Delay
NOQ,New Alipurdaur,48,30.41,41.64,22.74,5.21,Slight Delay
NCB,New Cooch Behar,46,36.71,35.62,22.74,4.93,Slight Delay
DQG,Dhupguri,47,37.53,34.79,22.74,4.93,Slight Delay
JPE,Jalpaiguri Road,49,33.42,38.63,23.01,4.93,Slight Delay
NJP,New Jalpaiguri,45,38.63,35.07,21.37,4.93,Slight Delay
AUB,Aluabari Road,59,18.63,49.04,27.4,4.93,Slight Delay
KNE,Kishanganj,62,14.52,49.32,31.23,4.93,High Delay
DLK,Dalkolha,68,8.22,53.42,33.42,4.93,High Delay
BOE,Barsoi Jn,68,6.03,56.44,32.6,4.93,High Delay
AZR,Azamnagar Road,72,3.84,55.07,36.16,4.93,High Delay
KIR,Katihar Jn,31,72.88,6.85,15.34,4.93,Slight Delay
NNA,Naugachia,44,39.18,38.36,17.53,4.93,Slight Delay
THB,Thana Bihpur Jn,49,30.14,45.21,19.73,4.93,Slight Delay
MNE,Mansi Jn,60,20.27,49.59,25.21,4.93,Slight Delay
KGG,Khagaria Jn,66,13.97,53.42,27.67,4.93,High Delay
BGS,Begu Sarai,77,7.12,50.41,37.53,4.93,High Delay
BJU,Barauni Jn,71,20.0,41.37,33.7,4.93,High Delay
DSS,Dalsingh Sarai,86,7.12,43.29,44.66,4.93,High Delay
SPJ,Samastipur Jn,81,17.26,35.89,41.92,4.93,High Delay
MFP,Muzaffarpur Jn,92,9.59,33.7,51.78,4.93,High Delay
HJP,Hajipur Jn,96,9.32,33.42,52.33,4.93,High Delay
SEE,Sonpur Jn,102,3.56,26.03,43.56,26.85,High Delay
CPR,Chhapra,72,32.05,25.75,37.26,4.93,High Delay
EKMA,Ekma,81,10.96,27.67,30.14,31.23,High Delay
SV,Siwan Jn,59,42.47,21.92,30.68,4.93,Slight Delay
BHTR,Bhatpar Rani,65,4.11,3.01,3.29,89.59,High Delay
BTT,Bhatni Jn,64,34.25,27.4,33.15,5.21,High Delay
DEOS,Deoria Sadar,63,36.16,26.58,32.05,5.21,High Delay
GKP,Gorakhpur Jn,78,23.01,31.23,40.82,4.93,High Delay
KLD,Khalilabad,81,20.0,32.33,42.74,4.93,High Delay
BST,Basti,86,15.62,32.88,46.58,4.93,High Delay
MUR,Mankapur Jn,94,9.59,35.62,49.86,4.93,High Delay
GD,Gonda Jn,100,6.85,35.89,52.33,4.93,High Delay
BBK,Barabanki Jn,96,20.0,21.64,46.58,11.78,High Delay
LKO,Lucknow Nr,84,30.41,15.89,41.92,11.78,High Delay
BLM,Balamu Jn,79,21.1,30.96,36.16,11.78,High Delay
HRI,Hardoi,90,8.22,40.27,39.73,11.78,High Delay
SPN,Shahjehanpur,70,25.48,36.44,33.15,4.93,High Delay
BE,Bareilly,70,33.15,28.49,33.42,4.93,High Delay
RMU,Rampur,89,12.88,40.27,41.92,4.93,High Delay
MB,Moradabad,89,18.36,32.33,44.38,4.93,High Delay
AMRO,Amroha,94,16.99,33.42,44.66,4.93,High Delay
HPU,Hapur,103,13.42,30.68,50.96,4.93,High Delay
PKW,Pilkhua,105,12.6,30.96,51.51,4.93,High Delay
GZB,Ghaziabad,112,14.79,25.21,55.07,4.93,High Delay
DLI,Delhi,129,7.67,25.48,60.55,6.3,High Delay
DKZ,Delhi Kishangnj,135,4.66,25.21,65.21,4.93,High Delay
SSB,Shakurbasti,144,2.19,23.29,69.59,4.93,High Delay
NNO,Nangloi,150,1.1,21.37,72.6,4.93,High Delay
BGZ,Bahadurgarh,154,0.55,19.18,75.34,4.93,High Delay
ROK,Rohtak Jn,154,0.55,20.55,73.97,4.93,High Delay
JIND,Jind Jn,159,0.27,16.16,78.63,4.93,High Delay
NRW,Narwana Jn,164,0.0,14.25,80.82,4.93,High Delay
TUN,Tohana,164,0.0,14.79,80.27,4.93,High Delay
JHL,Jakhal Jn,162,0.55,15.34,79.18,4.93,High Delay
BRZ,Bareta,163,0.55,15.07,79.45,4.93,High Delay
BLZ,Budhlada,164,0.55,13.7,80.82,4.93,High Delay
MSZ,Mansa,165,0.55,13.15,81.37,4.93,High Delay
MAUR,Maur,168,0.55,12.6,81.92,4.93,High Delay
BTI,Bhatinda Jn,124,15.62,23.56,55.89,4.93,High Delay
MBY,Mandi Dabwali,142,4.93,24.93,65.21,4.93,High Delay
SGRA,Sangaria,151,1.64,24.38,69.04,4.93,High Delay
HMH,Hanumangarh Jn,139,1.92,28.22,64.93,4.93,High Delay
PGK,Pili Bangan,142,1.1,27.67,66.3,4.93,High Delay
SOG,Suratgarh Jn,139,1.37,29.59,64.11,4.93,High Delay
MHJ,Mahajan,149,0.82,24.38,69.86,4.93,High Delay
LKS,Lunkaransar,153,0.27,22.47,72.33,4.93,High Delay
LGH,Lalgarh Jn,107,26.3,17.81,50.96,4.93,High Delay
LGH,Lalgarh Jn,11,90.96,1.64,2.47,4.93,On Time
LKS,Lunkaransar,18,78.36,13.15,3.56,4.93,Slight Delay
MHJ,Mahajan,28,21.64,70.14,3.29,4.93,Slight Delay
SOG,Suratgarh Jn,21,53.42,38.36,3.29,4.93,Slight Delay
PGK,Pili Bangan,23,44.38,47.12,3.56,4.93,Slight Delay
HMH,Hanumangarh Jn,23,44.66,46.3,4.11,4.93,Slight Delay
SGRA,Sangaria,27,34.52,55.89,4.66,4.93,Slight Delay
MBY,Mandi Dabwali,31,22.19,67.67,5.21,4.93,Slight Delay
BTI,Bhatinda Jn,11,88.77,2.47,3.84,4.93,On Time
MAUR,Maur,20,80.82,9.86,4.38,4.93,Slight Delay
MSZ,Mansa,21,77.26,12.88,4.93,4.93,Slight Delay
BLZ,Budhlada,22,73.97,15.89,5.21,4.93,Slight Delay
BRZ,Bareta,24,65.75,23.56,5.75,4.93,Slight Delay
JHL,Jakhal Jn,25,60.55,28.22,6.3,4.93,Slight Delay
TUN,Tohana,26,56.99,31.23,6.85,4.93,Slight Delay
NRW,Narwana Jn,28,47.95,39.18,7.95,4.93,Slight Delay
JIND,Jind Jn,29,47.95,38.9,8.22,4.93,Slight Delay
ROK,Rohtak Jn,30,46.3,38.9,9.86,4.93,Slight Delay
BGZ,Bahadurgarh,29,49.04,35.89,10.14,4.93,Slight Delay
SSB,Shakurbasti,26,64.66,20.82,9.59,4.93,Slight Delay
DKZ,Delhi Kishangnj,31,55.07,29.04,10.96,4.93,Slight Delay
DLI,Delhi,30,54.79,27.4,11.23,6.58,Slight Delay
GZB,Ghaziabad,29,58.9,23.56,12.33,5.21,Slight Delay
PKW,Pilkhua,36,44.66,36.16,13.7,5.48,Slight Delay
HPU,Hapur,39,40.82,39.73,13.97,5.48,Slight Delay
AMRO,Amroha,48,26.85,49.32,18.36,5.48,Slight Delay
MB,Moradabad,52,27.95,46.85,20.0,5.21,Slight Delay
RMU,Rampur,67,12.6,52.6,29.04,5.75,High Delay
BE,Bareilly,89,3.56,43.56,47.12,5.75,High Delay
SPN,Shahjehanpur,99,6.85,34.79,52.6,5.75,High Delay
HRI,Hardoi,108,9.04,20.0,57.81,13.15,High Delay
BLM,Balamu Jn,115,7.95,17.81,61.1,13.15,High Delay
LKO,Lucknow Nr,118,11.78,13.42,61.64,13.15,High Delay
BBK,Barabanki Jn,103,15.07,16.16,55.62,13.15,High Delay
JLD,Jarwal Road,112,11.51,20.82,62.47,5.21,High Delay
GD,Gonda Jn,108,13.97,19.18,61.64,5.21,High Delay
MUR,Mankapur Jn,114,7.67,23.56,63.56,5.21,High Delay
BST,Basti,117,8.49,21.37,64.93,5.21,High Delay
KLD,Khalilabad,119,6.85,23.56,64.38,5.21,High Delay
GKP,Gorakhpur Jn,93,21.92,18.08,54.79,5.21,High Delay
DEOS,Deoria Sadar,99,10.96,26.3,57.53,5.21,High Delay
BTT,Bhatni Jn,100,10.96,26.85,56.99,5.21,High Delay
BHTR,Bhatpar Rani,105,2.74,1.37,6.3,89.59,High Delay
SV,Siwan Jn,88,21.37,21.92,51.51,5.21,High Delay
EKMA,Ekma,88,16.44,15.07,36.99,31.51,High Delay
CPR,Chhapra,77,33.15,19.73,41.92,5.21,High Delay
SEE,Sonpur Jn,78,22.19,22.47,28.22,27.12,High Delay
HJP,Hajipur Jn,80,27.95,27.4,39.45,5.21,High Delay
MFP,Muzaffarpur Jn,94,13.97,33.7,47.12,5.21,High Delay
SPJ,Samastipur Jn,100,16.44,26.3,52.05,5.21,High Delay
DSS,Dalsingh Sarai,108,11.23,27.67,55.89,5.21,High Delay
BJU,Barauni Jn,101,16.71,25.75,52.33,5.21,High Delay
BGS,Begu Sarai,109,10.68,29.04,55.07,5.21,High Delay
KGG,Khagaria Jn,121,6.3,28.22,60.27,5.21,High Delay
MNE,Mansi Jn,124,4.93,28.22,61.64,5.21,High Delay
THB,Thana Bihpur Jn,127,4.38,27.4,63.01,5.21,High Delay
NNA,Naugachia,132,1.92,29.04,63.84,5.21,High Delay
KIR,Katihar Jn,101,27.4,20.82,46.58,5.21,High Delay
AZR,Azamnagar Road,114,14.79,26.85,51.23,7.12,High Delay
BOE,Barsoi Jn,120,8.49,30.96,55.34,5.21,High Delay
DLK,Dalkolha,132,3.29,28.77,62.74,5.21,High Delay
KNE,Kishanganj,138,2.19,27.12,65.48,5.21,High Delay
AUB,Aluabari Road,145,1.37,23.84,69.59,5.21,High Delay
NJP,New Jalpaiguri,142,3.56,26.03,65.21,5.21,High Delay
JPE,Jalpaiguri Road,120,14.25,22.47,58.08,5.21,High Delay
DQG,Dhupguri,123,13.97,23.01,57.81,5.21,High Delay
NCB,New Cooch Behar,121,15.62,22.74,56.44,5.21,High Delay
NOQ,New Alipurdaur,120,17.26,21.37,56.16,5.21,High Delay
NBQ,New Bongaigaon,108,25.75,18.36,50.68,5.21,High Delay
BPRD,Barpeta Road,128,15.62,20.55,58.63,5.21,High Delay
RNY,Rangiya Jn,147,7.4,21.64,65.75,5.21,High Delay
KYQ,Kamakhya,142,18.63,14.79,61.37,5.21,High Delay
GHY,Guwahati,160,11.23,18.63,64.93,5.21,High Delay
JID,Jagi Road,177,2.19,20.27,72.33,5.21,High Delay
CPK,Chaparmukh Jn,183,1.92,19.73,73.15,5.21,High Delay
HJI,Hojai,187,1.64,18.9,74.25,5.21,High Delay
LMG,Lumding Jn,176,3.56,18.36,72.88,5.21,High Delay
DPU,Diphu,182,3.29,16.16,75.34,5.21,High Delay
DMV,Dimapur,189,1.92,15.34,77.53,5.21,High Delay
SZR,Sarupathar,189,3.29,14.79,76.71,5.21,High Delay
FKG,Furkating Jn,169,13.42,7.95,73.42,5.21,High Delay
MXN,Mariani Jn,182,4.66,15.62,74.52,5.21,High Delay
SLGR,Simaluguri Jn,189,5.21,14.25,75.34,5.21,High Delay
BOJ,Bhojo,182,9.86,10.41,74.52,5.21,High Delay
NTSK,New Tinsukia Jn,189,4.66,16.71,73.42,5.21,High Delay
DBRG,Dibrugarh,167,18.08,8.77,67.95,5.21,High Delay
LTT,Lokmanyatilak T,11,93.27,4.81,1.92,0.0,On Time
KYN,Kalyan Jn,26,51.92,44.23,3.85,0.0,Slight Delay
NK,Nasik Road,18,80.77,16.35,2.88,0.0,Slight Delay
MMR,Manmad Jn,20,81.73,13.46,4.81,0.0,Slight Delay
BSL,Bhusaval Jn,24,66.35,26.92,6.73,0.0,Slight Delay
BAU,Burhanpur,25,65.38,28.85,5.77,0.0,Slight Delay
KNW,Khandwa,17,85.58,8.65,5.77,0.0,Slight Delay
HD,Harda,25,75.96,14.42,9.62,0.0,Slight Delay
ET,Itarsi Jn,27,75.96,12.5,11.54,0.0,Slight Delay
JBP,Jabalpur,42,42.31,43.27,14.42,0.0,Slight Delay
KTE,Katni,72,2.88,64.42,32.69,0.0,High Delay
MYR,Maihar,32,0.0,2.88,0.0,97.12,Slight Delay
STA,Satna,81,0.0,63.46,36.54,0.0,High Delay
PCOI,Prayagraj Chheoki,85,13.46,43.27,43.27,0.0,High Delay
MZP,Mirzapur,93,14.42,35.58,50.0,0.0,High Delay
DDU,Pt Deen Dayal Upadhyay Jn,79,43.27,18.27,38.46,0.0,High Delay
DLN,Dildarnagar Jn,75,43.27,17.31,37.5,1.92,High Delay
BXR,Buxar,74,41.35,23.08,33.65,1.92,High Delay
DURE,Dumraon,76,38.46,25.96,33.65,1.92,High Delay
ARA,Ara,72,43.27,21.15,33.65,1.92,High Delay
DNR,Danapur,80,25.96,37.5,34.62,1.92,High Delay
PNBE,Patna Jn,60,51.92,15.38,30.77,1.92,Slight Delay
PNC,Patna Saheb,68,39.42,25.96,32.69,1.92,High Delay
BKP,Bakhtiyarpur Jn,77,33.65,24.04,40.38,1.92,High Delay
BARH,Barh,86,20.19,36.54,41.35,1.92,High Delay
MKA,Mokameh Jn,88,19.23,34.62,44.23,1.92,High Delay
NBJU,New Barauni Jn,66,47.12,15.38,35.58,1.92,High Delay
BGS,Begu Sarai,69,42.31,20.19,35.58,1.92,High Delay
KGG,Khagaria Jn,68,38.46,25.0,34.62,1.92,High Delay
MNE,Mansi Jn,68,35.58,27.88,34.62,1.92,High Delay
THB,Thana Bihpur Jn,70,32.69,30.77,34.62,1.92,High Delay
NNA,Naugachia,73,27.88,34.62,35.58,1.92,High Delay
KIR,Katihar Jn,62,50.0,19.23,29.81,0.96,High Delay
BOE,Barsoi Jn,84,23.08,39.42,36.54,0.96,High Delay
KNE,Kishanganj,95,14.42,39.42,45.19,0.96,High Delay
NJP,New Jalpaiguri,94,27.88,27.88,44.23,0.0,High Delay
DQG,Dhupguri,86,41.35,23.08,35.58,0.0,High Delay
NCB,New Cooch Behar,88,39.42,23.08,37.5,0.0,High Delay
NOQ,New Alipurdaur,90,37.5,25.96,36.54,0.0,High Delay
KOJ,Kokrajhar,105,22.12,33.65,44.23,0.0,High Delay
NBQ,New Bongaigaon,89,47.12,18.27,34.62,0.0,High Delay
BPRD,Barpeta Road,115,24.04,30.77,45.19,0.0,High Delay
RNY,Rangiya Jn,148,9.62,30.77,59.62,0.0,High Delay
KYQ,Kamakhya,127,20.19,31.73,48.08,0.0,High Delay
GHY,Guwahati,126,25.0,26.92,48.08,0.0,High Delay
HJI,Hojai,162,4.81,33.65,61.54,0.0,High Delay
LMG,Lumding Jn,163,10.58,25.96,63.46,0.0,High Delay
DPU,Diphu,173,6.73,26.92,66.35,0.0,High Delay
DMV,Dimapur,180,9.62,24.04,66.35,0.0,High Delay
FKG,Furkating Jn,145,29.81,17.31,52.88,0.0,High Delay
MXN,Mariani Jn,154,15.38,31.73,52.88,0.0,High Delay
SLGR,Simaluguri Jn,159,10.58,36.54,52.88,0.0,High Delay
NTSK,New Tinsukia Jn,156,14.42,33.65,51.92,0.0,High Delay
DBRG,Dibrugarh,131,43.27,9.62,47.12,0.0,High Delay
DBRG,Dibrugarh,2,99.04,0.96,0.0,0.0,On Time
NTSK,New Tinsukia Jn,9,79.81,19.23,0.96,0.0,On Time
SLGR,Simaluguri Jn,12,73.08,25.96,0.96,0.0,On Time
MXN,Mariani Jn,12,70.19,27.88,1.92,0.0,On Time
FKG,Furkating Jn,2,97.12,1.92,0.96,0.0,On Time
DMV,Dimapur,11,73.08,25.0,1.92,0.0,On Time
DPU,Diphu,12,69.23,29.81,0.96,0.0,On Time
LMG,Lumding Jn,12,74.04,25.0,0.96,0.0,On Time
HJI,Hojai,17,57.69,39.42,2.88,0.0,Slight Delay
CPK,Chaparmukh Jn,22,0.0,0.96,0.0,99.04,Slight Delay
GHY,Guwahati,42,25.96,50.96,23.08,0.0,Slight Delay
KYQ,Kamakhya,40,32.69,44.23,23.08,0.0,Slight Delay
RNY,Rangiya Jn,43,36.54,28.85,33.65,0.96,Slight Delay
BPRD,Barpeta Road,75,10.58,42.31,46.15,0.96,High Delay
BNGN,Bongaigaon,102,0.0,0.0,3.85,96.15,High Delay
NBQ,New Bongaigaon,60,32.69,27.88,35.58,3.85,Slight Delay
KOJ,Kokrajhar,60,32.69,28.85,38.46,0.0,Slight Delay
NOQ,New Alipurdaur,69,19.23,34.62,46.15,0.0,High Delay
NCB,New Cooch Behar,72,20.19,33.65,46.15,0.0,High Delay
DQG,Dhupguri,74,19.23,33.65,47.12,0.0,High Delay
NJP,New Jalpaiguri,45,51.92,24.04,24.04,0.0,Slight Delay
KNE,Kishanganj,55,36.54,28.85,33.65,0.96,Slight Delay
BOE,Barsoi Jn,58,32.69,33.65,32.69,0.96,Slight Delay
KIR,Katihar Jn,28,75.0,6.73,17.31,0.96,Slight Delay
NNA,Naugachia,38,57.69,23.08,18.27,0.96,Slight Delay
THB,Thana Bihpur Jn,39,53.85,25.96,19.23,0.96,Slight Delay
MNE,Mansi Jn,44,24.04,56.73,18.27,0.96,Slight Delay
KGG,Khagaria Jn,47,24.04,56.73,18.27,0.96,Slight Delay
BGS,Begu Sarai,66,1.92,70.19,26.92,0.96,High Delay
NBJU,New Barauni Jn,39,44.23,38.46,16.35,0.96,Slight Delay
MKA,Mokameh Jn,49,32.69,47.12,19.23,0.96,Slight Delay
BARH,Barh,68,6.73,48.08,44.23,0.96,High Delay
BKP,Bakhtiyarpur Jn,72,2.88,47.12,49.04,0.96,High Delay
PNC,Patna Saheb,51,11.54,72.12,15.38,0.96,Slight Delay
PNBE,Patna Jn,33,45.19,42.31,11.54,0.96,Slight Delay
DNR,Danapur,36,41.35,46.15,11.54,0.96,Slight Delay
ARA,Ara,44,27.88,56.73,14.42,0.96,Slight Delay
DURE,Dumraon,34,47.12,41.35,10.58,0.96,Slight Delay
BXR,Buxar,31,57.69,31.73,9.62,0.96,Slight Delay
DLN,Dildarnagar Jn,39,39.42,49.04,10.58,0.96,Slight Delay
DDU,Pt Deen Dayal Upadhyay Jn,29,84.62,5.77,9.62,0.0,Slight Delay
MZP,Mirzapur,47,47.12,34.62,18.27,0.0,Slight Delay
PCOI,Prayagraj Chheoki,82,14.42,42.31,43.27,0.0,High Delay
STA,Satna,114,9.62,29.81,60.58,0.0,High Delay
MYR,Maihar,139,0.0,0.0,2.88,97.12,High Delay
KTE,Katni,130,3.85,25.96,70.19,0.0,High Delay
JBP,Jabalpur,141,0.96,25.0,74.04,0.0,High Delay
PPI,Pipariya,161,0.96,14.42,84.62,0.0,High Delay
ET,Itarsi Jn,142,5.77,18.27,75.96,0.0,High Delay
HD,Harda,173,1.92,16.35,81.73,0.0,High Delay
KNW,Khandwa,159,10.58,18.27,71.15,0.0,High Delay
BAU,Burhanpur,162,12.5,17.31,70.19,0.0,High Delay
BSL,Bhusaval Jn,163,13.46,13.46,73.08,0.0,High Delay
MMR,Manmad Jn,177,10.58,16.35,73.08,0.0,High Delay
NK,Nasik Road,176,9.62,18.27,72.12,0.0,High Delay
KYN,Kalyan Jn,184,5.77,21.15,73.08,0.0,High Delay
TNA,Thane,159,14.42,17.31,68.27,0.0,High Delay
LTT,Lokmanyatilak T,160,14.42,12.5,61.54,11.54,High Delay
DBRG,Dibrugarh,9,97.31,0.38,2.31,0.0,On Time
NTSK,New Tinsukia Jn,12,83.85,13.46,2.31,0.38,On Time
DJG,Duliajan,16,71.54,25.0,3.08,0.38,Slight Delay
NHK,Naharkatiya,26,42.69,53.46,3.46,0.38,Slight Delay
NAM,Namrup,19,64.23,31.92,3.46,0.38,Slight Delay
BOJ,Bhojo,28,33.46,61.92,4.23,0.38,Slight Delay
SLGR,Simaluguri Jn,35,23.46,70.38,6.15,0.0,Slight Delay
AGI,Amguri,25,52.69,41.15,6.15,0.0,Slight Delay
MXN,Mariani Jn,29,47.69,43.46,8.85,0.0,Slight Delay
FKG,Furkating Jn,14,87.69,5.38,6.92,0.0,On Time
BXP,Barpathar,27,56.15,35.38,8.46,0.0,Slight Delay
SZR,Sarupathar,31,45.77,44.62,9.62,0.0,Slight Delay
DMV,Dimapur,43,20.0,67.31,12.69,0.0,Slight Delay
DPU,Diphu,38,21.54,65.77,12.69,0.0,Slight Delay
LMG,Lumding Jn,33,37.69,51.54,10.77,0.0,Slight Delay
LKA,Lanka,29,48.08,39.62,12.31,0.0,Slight Delay
HJI,Hojai,31,46.54,40.38,13.08,0.0,Slight Delay
CPK,Chaparmukh Jn,36,37.31,46.92,15.77,0.0,Slight Delay
GHY,Guwahati,37,34.62,48.85,16.54,0.0,Slight Delay
KYQ,Kamakhya,38,33.85,47.69,18.46,0.0,Slight Delay
RNY,Rangiya Jn,39,38.85,42.31,17.69,1.15,Slight Delay
NLV,Nalbari,48,25.0,53.08,20.77,1.15,Slight Delay
TIHU,Tihu,54,18.08,56.54,24.23,1.15,Slight Delay
PBL,Pathsala,62,8.08,60.77,30.0,1.15,High Delay
BPRD,Barpeta Road,72,5.0,48.46,45.38,1.15,High Delay
SBE,Sorbhog Jn,72,3.85,50.38,44.62,1.15,High Delay
BNGN,Bongaigaon,69,6.15,50.38,42.31,1.15,High Delay
NBQ,New Bongaigaon,48,34.62,38.08,23.46,3.85,Slight Delay
KOJ,Kokrajhar,52,24.62,48.85,26.54,0.0,Slight Delay
FKM,Fakiragram Jn,55,20.0,51.15,28.85,0.0,Slight Delay
KAMG,Kamakhyaguri,68,6.15,56.54,37.31,0.0,High Delay
NOQ,New Alipurdaur,69,6.15,56.15,37.69,0.0,High Delay
NCB,New Cooch Behar,71,6.15,53.85,40.0,0.0,High Delay
FLK,Falakata,74,4.62,50.77,44.23,0.38,High Delay
DQG,Dhupguri,70,9.62,48.08,41.92,0.38,High Delay
NMX,New Maynaguri,71,8.08,48.46,43.08,0.38,High Delay
JPE,Jalpaiguri Road,75,5.77,48.08,46.15,0.0,High Delay
NJP,New Jalpaiguri,45,45.77,29.62,24.62,0.0,Slight Delay
AUB,Aluabari Road,56,29.23,41.15,29.62,0.0,Slight Delay
KNE,Kishanganj,61,20.0,46.54,33.46,0.0,High Delay
HCR,Harischandrpur,71,10.38,53.85,35.77,0.0,High Delay
SM,Samsi,60,3.08,3.85,3.46,89.62,Slight Delay
MLDT,Malda Town,39,66.92,5.77,27.31,0.0,Slight Delay
NFK,New Farakka Jn,42,63.46,9.62,26.92,0.0,Slight Delay
DGLE,Dhulian Ganga,42,63.46,9.62,26.92,0.0,Slight Delay
NILE,Nimtita,42,63.85,9.62,26.54,0.0,Slight Delay
JRLE,Jangipur Road,45,63.85,8.85,27.31,0.0,Slight Delay
AZ,Azimganj Jn,39,66.54,8.08,25.38,0.0,Slight Delay
KGLE,Khagraghat Road,42,64.62,9.62,25.77,0.0,Slight Delay
SALE,Salar,47,61.54,11.92,26.54,0.0,Slight Delay
KWAE,Katwa,39,66.92,8.08,25.0,0.0,Slight Delay
NDAE,Nabadwip Dham,40,65.38,11.15,23.46,0.0,Slight Delay
ABKA,Ambika Kalna,42,61.92,15.0,23.08,0.0,Slight Delay
BDC,Bandel Jn,40,65.38,11.92,22.69,0.0,Slight Delay
HWH,Howrah Jn,13,75.77,8.08,16.15,0.0,On Time
AGTL,Agartala,11,94.23,0.0,5.77,0.0,On Time
ABSA,Ambasa,23,78.85,11.54,9.62,0.0,Slight Delay
DMR,Dharmanagar,18,88.46,1.92,9.62,0.0,Slight Delay
NKMG,New Karimganj,17,88.46,3.85,7.69,0.0,Slight Delay
BPB,Badarpur Jn,23,76.92,15.38,7.69,0.0,Slight Delay
HJI,Hojai,22,69.23,21.15,9.62,0.0,Slight Delay
GHY,Guwahati,25,63.46,23.08,13.46,0.0,Slight Delay
RNY,Rangiya Jn,29,51.92,30.77,11.54,5.77,Slight Delay
BPRD,Barpeta Road,43,17.31,63.46,13.46,5.77,Slight Delay
NJP,New Jalpaiguri,47,48.08,25.0,26.92,0.0,Slight Delay
MLDT,Malda Town,44,11.54,0.0,1.92,86.54,Slight Delay
BGP,Bhagalpur,41,11.54,0.0,1.92,86.54,Slight Delay
JMP,Jamalpur Jn,41,11.54,0.0,1.92,86.54,Slight Delay
PNBE,Patna Jn,43,9.62,1.92,1.92,86.54,Slight Delay
KIR,Katihar Jn,55,46.15,7.69,32.69,13.46,Slight Delay
BJU,Barauni Jn,70,30.77,19.23,36.54,13.46,High Delay
PPTA,Patliputra,57,40.38,17.31,28.85,13.46,Slight Delay
DDU,Pt Deen Dayal Upadhyay Jn,50,57.69,19.23,23.08,0.0,Slight Delay
CNB,Kanpur Central,89,25.0,36.54,38.46,0.0,High Delay
ANVT,Anand Vihar Trm,98,48.08,11.54,40.38,0.0,High Delay
DBRG,Dibrugarh,5,96.55,3.07,0.38,0.0,On Time
MRHT,Moranhat,14,60.15,39.08,0.77,0.0,On Time
SLGR,Simaluguri Jn,13,69.35,29.89,0.77,0.0,On Time
MXN,Mariani Jn,16,63.22,35.25,1.53,0.0,Slight Delay
DMV,Dimapur,20,49.43,47.51,3.07,0.0,Slight Delay
LMG,Lumding Jn,17,62.45,34.1,3.45,0.0,Slight Delay
GHY,Guwahati,11,79.31,18.01,2.68,0.0,On Time
BNGN,Bongaigaon,13,2.68,1.53,0.0,95.79,On Time
NBQ,New Bongaigaon,25,57.85,27.97,9.96,4.21,Slight Delay
KOJ,Kokrajhar,24,62.07,27.59,10.34,0.0,Slight Delay
NOQ,New Alipurdaur,37,39.85,42.15,18.01,0.0,Slight Delay
NCB,New Cooch Behar,38,39.85,40.61,19.54,0.0,Slight Delay
NJP,New Jalpaiguri,30,59.77,23.75,16.48,0.0,Slight Delay
KNE,Kishanganj,42,43.68,35.25,21.07,0.0,Slight Delay
KIR,Katihar Jn,34,59.77,20.69,19.54,0.0,Slight Delay
SPJ,Samastipur Jn,29,63.98,21.46,14.56,0.0,Slight Delay
MFP,Muzaffarpur Jn,35,57.47,24.14,18.39,0.0,Slight Delay
HJP,Hajipur Jn,33,60.15,19.92,19.92,0.0,Slight Delay
CPR,Chhapra,28,70.5,14.56,14.94,0.0,Slight Delay
BUI,Ballia,38,53.26,26.82,16.86,3.07,Slight Delay
BSB,Varanasi Jn,31,66.67,14.94,15.33,3.07,Slight Delay
LKO,Lucknow Nr,34,69.73,12.26,18.01,0.0,Slight Delay
BE,Bareilly,42,55.56,24.9,19.54,0.0,Slight Delay
MB,Moradabad,39,59.0,21.46,19.54,0.0,Slight Delay
NDLS,New Delhi,43,59.0,19.92,21.07,0.0,Slight Delay
NDLS,New Delhi,1,98.85,0.38,0.77,0.0,On Time
MB,Moradabad,11,83.08,14.62,2.31,0.0,On Time
BE,Bareilly,30,26.54,66.92,6.54,0.0,Slight Delay
LKO,Lucknow Nr,35,30.0,56.15,13.85,0.0,Slight Delay
BSB,Varanasi Jn,34,31.92,51.15,13.85,3.08,Slight Delay
BUI,Ballia,47,17.69,53.08,26.15,3.08,Slight Delay
CPR,Chhapra,53,19.62,48.85,31.54,0.0,Slight Delay
HJP,Hajipur Jn,50,24.23,45.77,30.0,0.0,Slight Delay
MFP,Muzaffarpur Jn,57,17.31,47.69,35.0,0.0,Slight Delay
SPJ,Samastipur Jn,52,28.08,36.92,31.15,3.85,Slight Delay
KIR,Katihar Jn,48,36.54,35.0,25.77,2.69,Slight Delay
KNE,Kishanganj,68,6.92,52.31,38.08,2.69,High Delay
NJP,New Jalpaiguri,57,21.92,46.15,31.92,0.0,Slight Delay
NCB,New Cooch Behar,47,44.23,29.62,26.15,0.0,Slight Delay
NOQ,New Alipurdaur,44,48.85,26.15,25.0,0.0,Slight Delay
KOJ,Kokrajhar,57,29.62,40.0,30.38,0.0,Slight Delay
NBQ,New Bongaigaon,45,48.85,25.77,25.38,0.0,Slight Delay
GHY,Guwahati,85,14.62,40.77,44.62,0.0,High Delay
LMG,Lumding Jn,83,18.85,32.69,48.46,0.0,High Delay
DMV,Dimapur,109,4.62,34.23,61.15,0.0,High Delay
MXN,Mariani Jn,69,33.08,27.31,39.62,0.0,High Delay
SLGR,Simaluguri Jn,72,29.62,30.38,40.0,0.0,High Delay
MRHT,Moranhat,70,34.62,26.54,38.85,0.0,High Delay
DBRG,Dibrugarh,59,52.69,12.69,34.62,0.0,Slight Delay
GHY,Guwahati,5,93.27,2.88,3.85,0.0,On Time
GLPT,Goalpara Town,38,14.42,70.19,14.42,0.96,Slight Delay
NBQ,New Bongaigaon,18,75.96,14.42,9.62,0.0,Slight Delay
NJP,New Jalpaiguri,36,37.5,48.08,14.42,0.0,Slight Delay
KNE,Kishanganj,50,14.42,61.54,24.04,0.0,Slight Delay
KIR,Katihar Jn,21,74.04,13.46,12.5,0.0,Slight Delay
BJU,Barauni Jn,34,14.42,26.92,8.65,50.0,Slight Delay
PPTA,Patliputra,24,65.38,21.15,13.46,0.0,Slight Delay
DDU,Pt Deen Dayal Upadhyay Jn,28,67.31,18.27,14.42,0.0,Slight Delay
PRYJ,Prayagraj Jn,70,24.04,44.23,31.73,0.0,High Delay
CNB,Kanpur Central,92,19.23,42.31,38.46,0.0,High Delay
NDLS,New Delhi,101,48.08,13.46,38.46,0.0,High Delay
NDLS,New Delhi,17,85.58,4.81,9.62,0.0,Slight Delay
CNB,Kanpur Central,82,26.92,45.19,27.88,0.0,High Delay
PRYJ,Prayagraj Jn,107,12.5,44.23,43.27,0.0,High Delay
DDU,Pt Deen Dayal Upadhyay Jn,109,39.42,21.15,39.42,0.0,High Delay
PPTA,Patliputra,131,28.85,20.19,50.0,0.96,High Delay
BJU,Barauni Jn,177,10.58,10.58,27.88,50.96,High Delay
KIR,Katihar Jn,143,28.85,20.19,50.0,0.96,High Delay
KNE,Kishanganj,166,11.54,29.81,57.69,0.96,High Delay
NJP,New Jalpaiguri,171,20.19,23.08,56.73,0.0,High Delay
NBQ,New Bongaigaon,179,14.42,26.92,58.65,0.0,High Delay
GLPT,Goalpara Town,187,8.65,32.69,57.69,0.96,High Delay
GHY,Guwahati,150,35.58,8.65,55.77,0.0,High Delay
SMVB,Smvt Bengaluru,11,76.92,13.46,3.85,5.77,On Time
KJM,Krishnarajapurm,27,71.15,17.31,5.77,5.77,Slight Delay
BWT,Bangarapet,35,44.23,42.31,7.69,5.77,Slight Delay
JTJ,Jolarpettai,23,82.69,5.77,5.77,5.77,Slight Delay
KPD,Katpadi Jn,19,84.62,5.77,3.85,5.77,Slight Delay
PER,Perambur,23,65.38,25.0,1.92,7.69,Slight Delay
NLR,Nellore,44,7.69,73.08,11.54,7.69,Slight Delay
OGL,Ongole,48,11.54,69.23,11.54,7.69,Slight Delay
BZA,Vijayawada Jn,51,19.23,57.69,17.31,5.77,Slight Delay
RJY,Rajamundry,87,3.85,42.31,48.08,5.77,High Delay
VSKP,Vishakapatnam,103,7.69,26.92,59.62,5.77,High Delay
VZM,Vizianagram Jn,113,1.92,26.92,65.38,5.77,High Delay
BAM,Brahmapur,106,9.62,19.23,65.38,5.77,High Delay
KUR,Khurda Road Jn,123,7.69,19.23,67.31,5.77,High Delay
BBS,Bhubaneswar,129,7.69,17.31,69.23,5.77,High Delay
CTC,Cuttack,122,11.54,17.31,65.38,5.77,High Delay
BLS,Balasore,144,11.54,11.54,71.15,5.77,High Delay
KGP,Kharagpur Jn,158,9.62,5.77,78.85,5.77,High Delay
DKAE,Dankuni,169,9.62,9.62,69.23,11.54,High Delay
BHP,Bolpur S Niktn,210,3.85,9.62,75.0,11.54,High Delay
RPH,Rampur Hat,236,1.92,3.85,82.69,11.54,High Delay
MLDT,Malda Town,231,3.85,7.69,82.69,5.77,High Delay
KNE,Kishanganj,266,0.0,5.77,88.46,5.77,High Delay
NJP,New Jalpaiguri,266,0.0,3.85,90.38,5.77,High Delay
JPE,Jalpaiguri Road,252,3.85,1.92,88.46,5.77,High Delay
NCB,New Cooch Behar,272,0.0,5.77,88.46,5.77,High Delay
NOQ,New Alipurdaur,270,0.0,5.77,88.46,5.77,High Delay
NBQ,New Bongaigaon,251,3.85,1.92,88.46,5.77,High Delay
GLPT,Goalpara Town,256,1.92,3.85,88.46,5.77,High Delay
GHY,Guwahati,254,0.0,9.62,84.62,5.77,High Delay
LMG,Lumding Jn,281,1.92,7.69,84.62,5.77,High Delay
DPU,Diphu,290,1.92,3.85,88.46,5.77,High Delay
DMV,Dimapur,298,1.92,3.85,88.46,5.77,High Delay
FKG,Furkating Jn,283,3.85,7.69,82.69,5.77,High Delay
MXN,Mariani Jn,250,7.69,5.77,80.77,5.77,High Delay
SLGR,Simaluguri Jn,259,0.0,11.54,82.69,5.77,High Delay
SRTN,Sibsagar Town,249,1.92,11.54,80.77,5.77,High Delay
MRHT,Moranhat,248,5.77,7.69,80.77,5.77,High Delay
DBRG,Dibrugarh,261,1.92,13.46,78.85,5.77,High Delay
NTSK,New Tinsukia Jn,250,7.69,9.62,76.92,5.77,High Delay
NTSK,New Tinsukia Jn,13,82.69,3.85,7.69,5.77,On Time
DBRG,Dibrugarh,21,69.23,15.38,9.62,5.77,Slight Delay
MRHT,Moranhat,33,32.69,51.92,9.62,5.77,Slight Delay
SRTN,Sibsagar Town,29,50.0,34.62,9.62,5.77,Slight Delay
SLGR,Simaluguri Jn,27,51.92,32.69,9.62,5.77,Slight Delay
MXN,Mariani Jn,28,53.85,32.69,7.69,5.77,Slight Delay
FKG,Furkating Jn,18,75.0,11.54,7.69,5.77,Slight Delay
DMV,Dimapur,43,28.85,51.92,13.46,5.77,Slight Delay
DPU,Diphu,45,21.15,59.62,13.46,5.77,Slight Delay
LMG,Lumding Jn,36,44.23,40.38,9.62,5.77,Slight Delay
GHY,Guwahati,22,76.92,7.69,9.62,5.77,Slight Delay
GLPT,Goalpara Town,62,5.77,63.46,25.0,5.77,High Delay
NBQ,New Bongaigaon,49,48.08,28.85,17.31,5.77,Slight Delay
NOQ,New Alipurdaur,66,21.15,51.92,21.15,5.77,High Delay
NCB,New Cooch Behar,76,7.69,55.77,30.77,5.77,High Delay
JPE,Jalpaiguri Road,57,30.77,50.0,13.46,5.77,Slight Delay
NJP,New Jalpaiguri,49,34.62,48.08,11.54,5.77,Slight Delay
KNE,Kishanganj,75,7.69,48.08,38.46,5.77,High Delay
MLDT,Malda Town,43,67.31,9.62,17.31,5.77,Slight Delay
RPH,Rampur Hat,53,48.08,23.08,17.31,11.54,Slight Delay
BHP,Bolpur S Niktn,63,26.92,40.38,21.15,11.54,High Delay
DKAE,Dankuni,88,7.69,46.15,32.69,13.46,High Delay
KGP,Kharagpur Jn,89,19.23,30.77,44.23,5.77,High Delay
BLS,Balasore,90,17.31,30.77,44.23,7.69,High Delay
CTC,Cuttack,114,9.62,23.08,59.62,7.69,High Delay
BBS,Bhubaneswar,114,13.46,19.23,59.62,7.69,High Delay
KUR,Khurda Road Jn,117,13.46,19.23,59.62,7.69,High Delay
BAM,Brahmapur,131,13.46,17.31,61.54,7.69,High Delay
VZM,Vizianagram Jn,124,17.31,15.38,61.54,5.77,High Delay
VSKP,Vishakapatnam,125,23.08,11.54,59.62,5.77,High Delay
RJY,Rajamundry,158,7.69,19.23,67.31,5.77,High Delay
BZA,Vijayawada Jn,175,5.77,19.23,69.23,5.77,High Delay
OGL,Ongole,184,7.69,13.46,73.08,5.77,High Delay
NLR,Nellore,196,5.77,17.31,71.15,5.77,High Delay
PER,Perambur,210,7.69,11.54,75.0,5.77,High Delay
KPD,Katpadi Jn,206,11.54,17.31,65.38,5.77,High Delay
JTJ,Jolarpettai,208,7.69,21.15,65.38,5.77,High Delay
KJM,Krishnarajapurm,209,9.62,17.31,67.31,5.77,High Delay
SMVB,Smvt Bengaluru,168,28.85,9.62,55.77,5.77,High Delay
KYQ,Kamakhya,6,82.69,5.77,3.85,7.69,On Time
NBQ,New Bongaigaon,23,53.85,28.85,9.62,7.69,Slight Delay
APDJ,Alipur Duar Jn,49,9.62,57.69,25.0,7.69,Slight Delay
HSA,Hasimara,44,19.23,51.92,21.15,7.69,Slight Delay
SGUJ,Siliguri Jn,37,34.62,38.46,19.23,7.69,Slight Delay
NJP,New Jalpaiguri,48,25.0,36.54,30.77,7.69,Slight Delay
MLDT,Malda Town,49,42.31,17.31,32.69,7.69,Slight Delay
PKR,Pakur,51,40.38,19.23,25.0,15.38,Slight Delay
RPH,Rampur Hat,55,40.38,19.23,25.0,15.38,Slight Delay
BHP,Bolpur S Niktn,60,30.77,25.0,28.85,15.38,Slight Delay
BWN,Barddhaman Jn,58,44.23,11.54,28.85,15.38,Slight Delay
DKAE,Dankuni,72,36.54,13.46,34.62,15.38,High Delay
KGP,Kharagpur Jn,90,32.69,17.31,42.31,7.69,High Delay
TATA,Tatanagar Jn,125,15.38,25.0,51.92,7.69,High Delay
CKP,Chakradharpur,141,11.54,25.0,55.77,7.69,High Delay
ROU,Rourkela,165,0.0,28.85,63.46,7.69,High Delay
JSG,Jharsuguda Jn,179,3.85,17.31,71.15,7.69,High Delay
RIG,Raigarh,199,0.0,17.31,75.0,7.69,High Delay
KHS,Kharsia,143,0.0,1.92,9.62,88.46,High Delay
BSP,Bilaspur Jn,220,0.0,19.23,73.08,7.69,High Delay
R,Raipur Jn,242,0.0,17.31,73.08,9.62,High Delay
G,Gondia Jn,279,0.0,5.77,86.54,7.69,High Delay
NGP,Nagpur,288,0.0,11.54,80.77,7.69,High Delay
AK,Akola Jn,272,3.85,13.46,75.0,7.69,High Delay
BSL,Bhusaval Jn,292,1.92,7.69,82.69,7.69,High Delay
MMR,Manmad Jn,313,0.0,3.85,88.46,7.69,High Delay
KYN,Kalyan Jn,336,1.92,0.0,90.38,7.69,High Delay
TNA,Thane,419,0.0,0.0,5.77,94.23,High Delay
LTT,Lokmanyatilak T,289,11.54,1.92,71.15,15.38,High Delay
